text,hs_model_label,gemini_label,human_label
もっと具体的にあげて事実無根って聞きたかった,0,0,
https://animal-liber...net/issue/slaughter/,0,0,
なんせ､部屋の､ｲﾗﾝもの､捨てんと｡ 将棋24の対局記録のﾒﾓ帳､いっぱいある｡しかも､今日金具から紙､ひっきゃぶいてたら すごい時間かかって､3個しかできず｡､,0,0,
>>284 私有財産の禁止とか共産主義みてーだな,0,0,
AI による概要 先住民族は、歴史的に国家の軍隊に所属したり、独自の部隊を組織したりしてきました。 代表的な例としては、アメリカ陸軍の「インディアン斥候隊」や、 第二次世界大戦中の「コードトーカー」（暗号通信兵）などがあります。 また、台湾の「高砂族」は日本軍の戦力として従軍しました。 代表的な例 アメリカインディアン： インディアン斥候隊： アメリカ陸軍に所属した、偵察や追跡を専門とする先住民兵士の部隊です。 コードトーカー： 先住民の部族言語を暗号として用いた、無線通信兵として活躍しました。 特に第二次世界大戦の太平洋戦線で重要な役割を果たしました。 台湾先住民（高砂族）： 第二次世界大戦中、日本軍の兵士として各地の激戦地で戦いました。 食料調達の技術にも長けており、日本兵の命を救った事例もあります。 その他の側面 歴史的な紛争： 多くの先住民族は、 入植者との土地をめぐる争い（インディアン戦争など）の中で、 自らの土地や文化を守るために戦いました。 現代： 現在、先住民の権利が認められている国では、 連邦政府の軍隊に所属するだけでなく、 独自の自治権を持つ部族として存在しています。,0,0,
>>319 レモン彗星、見れてよかったですね。 私は空を埋め尽くすような巨大な彗星を見てみたいです。,0,0,
ざぜんもさどうも素人以下で福音伝道を誹謗中傷・・大学を聴講? 悪魔の証明完了,0,0,
多分總理大臣になるのは高市早苗氏 だってラスボスですから まずは滿州勢力驅逐した後、本性が出るからね。 高市早苗氏でいきなり黃金時代來るわけでなく、破壞のクライマックスが來るから https://x.com/beikok.../1977480864759242769,0,0,
>>10 これ以上左巻きの報道をしてもらいたいのかサヨクは どこまで自己中心なんだ,0,0,
フランス式 美味しい肉の教科書 https://www.amazon.co.jp/ フランス式おいしい肉の教科書-アルテュール・ル・ケンヌ/dp/4756250904 これ、面白いよ。 勉強になる。 アマだけでなくプロにも料理好きにはたまらん書物。 ステーキステキヒデキカンゲキ（笑 “ヘブライ語のすすめ”を図書館で借りたけどもう一つのご注文の品”フランス式 美味しい肉の教科書”が届いたのでこっちの方が面白くて 優先的にマスターしたいのでまたあとで借りようか買おうかと思っている。 中身どんな内容なのか見たかっただけなんだけどね。。読みやすいかどうか。,0,0,
