Topic,Count,Name,Representation,Representative_Docs
-1,1577,-1_catholic_教_love_カトリック,"['catholic', '教', 'love', 'カトリック', 'catholics', 'years', 'christ', 'religious', 'キリスト教', 'life']","['it\'s pretty easy for anyone to say they believe in the teachings of jesus christ. but what is that worth? it\'s living and practicing those teachings that really mean something. \nactions ""speak"" louder than words. this country and world would be a far different place if, on a daily basis, we actually put as much time and energy into living in the manner that christ lived as we do in talking and preaching about our belief in him.\nwas christ a christian? silly question. it\'s just another word we use to describe something or someone. from what i\'ve read about jesus christ, i think he could care less what you called yourself or someone else. what was important to him (and should be to us) was how we actually live our life.', ""i didn't pass the test for civility so the rest of my comment did not fly. i was saying that the hypocrisy behind catholic anti-abortion rhetoric is a moral failing for many catholics. i am pro-life, but have a broader understanding of what that means than to limit it to a fetus. \n          catholic votes got george bush elected and he decimated iraqui civilians waging an illegitimate was based upon fudged data, or lies, to be more correct. trump got elected with the help of the catholic vote because of his anti-abortion stance, and we can see where that got us. if there is a moral crisis, it is partly due to the behavior of catholics in america. \n         i won't let catholics off the hook-the bishops may be late for the bus, but many catholics never knew when the bus arrived. they are out to lunch, serving a bogus conception of redemption based upon obedience to moral law that has nothing to do with grace, salvation, compassion, or, in fact, christianity."", 'you may, as is your wont, throw up a straw man (a non-zero impact is not saying ""more harmful,"" for example).  for my part, i\'m merely focusing on inconsistencies in a group\'s arguments as a scientist, not as a political hack nor a parental-love-starved millennial-seeking-meaning-for-her-life.  i\'m also unsure why you see me as a ""traditional catholic"".  i\'ve certainly never self-identified as such.  i\'m simply ""catholic.""  is the ""progressive catholic\'s"" view much different, provided he does the hard work of thinking about the issue?']"
0,379,0_統一教会_日本_統一_三,"['統一教会', '日本', '統一', '三', '信者', '韓国', '日本人', '関係', '団体', '母親']","['・ サヨクガー   ソ連 を 捨て た ロシア が 憎く て 左翼 は 戦争 前 から 反 ロシア です   意味 不明 に 左翼 連呼 は 統一教会 信者 の 可能 性 有り   ・ キョウサンシュギガーレッドチームガー   そもそも ロシア は 共産 主義 で は あり ませ ん ロシア 正教 中心 の キリスト教 国 です   ロシア と 意味 不明 に 共産 主義 を 繋げる の は 統一教会 信者 の 可能 性 有り   あと ロシア と 中国 って たいして 仲良く ない ん だ よ ね   ・ 9 条 ガー   護憲 派 ガー   9 条 は 防衛 と 何 の 関係 も ない 9 条 は 核 武装 すら 禁止 し て ない   海外 派兵 する か どう か で しか ない から 一緒 に 語る の は 統一教会 信者 の 可能 性 有り   ・ それ 誰 が 言っ てる の ？ と 分け 分から ん 極 解 で 印象 操作   反 ワクガー 共産 主義 ガー 意味 不明 に 繋げる の は 統一教会 信者 の 可能 性 有り   ・ 反論 不能 に なっ て も 同じ 質問 を 繰り返す 知的 障害 起こし 荒らし だす   ・ やたら と 精神 的 勝利 や マウント 取り た がる   これ は カルト 信者 の 特徴 な ので 統一教会 信者 の 可能 性 有り   ・ 統一 協会 は 神 の 為 なら 嘘 を つい て いい と 教え られる   ・ 統一教会 は 統一 協会 だ と 隠し て 潜り込ん で くる   ・ 統一教会 は 海外 で は 反日 、 国内 で は 反共 という よう な 二枚舌 を 使う   ・ 統一教会 は 都合 用 良く 敵対 者 に 「 統一教会 信者 」 という デマ を 流す   ・ 統一教会 は 組織 ぐるみ で 悪質 な 嫌がらせ 糾弾 しよ う と し ます   ・ 文 鮮明 や 韓 鶴子 の 教え は 保守 で は なく 左翼 に 近い', '自民党 が 日本 の 統一教会 の 根幹 だ から な', '>> 587   横 から だ が 、 統一教会 は オマエ だろ 、 タコ']"
1,102,1_kill_问_無い_禁果,"['kill', '问', '無い', '禁果', '十字架', '死', '亚当', 'クズ', '聖職', 'お前']","['おや おや 、 また 性懲り も 無く 新 スレ か w   では 、 143 スレ に も タイム スタンプ がわり の 呪文 を 貼っ て やる 。   ＜ ！ −− 呪文 ここ から −− ＞   「 バチカン に ヒトラー の 所業 を 黙認 さ せ 、 イスラエル と パレスチナ の 殺し合い を 徹底 放置 する 、 “ יהוה   ” (＝ yhwh ) もしくは “ الله ”(＝ アラー ) とかいう 自称 「 唯一 絶対 に し て 全能 なる 神 」 () の 思召 し ( マッチ ポンプ )。   ほんと 、 yhwh (＝ アラー ) と やら は チンカス の ごとき 腐臭 を 放つ 性根 の 持ち主 だ わ 。   ちん かす yhwh (＝ アラー ) 早 よ 滅べ 。   ちん かす yhwh (＝ アラー ) の 手下 ども も 早 よ 滅べ 。   自称 唯一 神 (“ יהוה   ” (＝ yhwh ) もしくは “ الله ”(＝ アラー )) は 史上 最悪 の ウイルスミーム 。   その 悪質 さ は 狂犬病 ウイルス 以上 。   狂犬病 ウイルス が 宿主 を 操っ て 感染 拡大 する の と 同様 に 、 自称 唯一 神 (“ יהוה   ” もしくは “ الله ”) という ウイルスミーム は 信者 の 脳 を 操っ て 感染 拡大 する 。   全て は “ יהוה   ” (＝ yhwh ) もしくは “ الله ”(＝ アラー ) とかいう 自称 「 唯一 絶対 に し て 全能 なる 神 」 () の マッチ ポンプ 。   ユダ 公 ども は “ יהוה   ” という 名 の ウイルスミーム に 脳 を 侵さ れ た ゾンビ の 群れ 。   キリスト教徒 ども も また yhwh という 名 の ウイルスミーム に 脳 を 侵さ れ た ゾンビ の 群れ (＝ 特に アフリカ や 南北 アメリカ の 先住民 を 虐殺 ・ 奴隷 化 し た 連中 )。   イスラム教 拡大 に 加担 する 奴ら は “ الله ” という 名 の ウイルスミーム に 脳 を 侵さ れ た ゾンビ の 群れ 」   ＜ ！ −− 呪文 ここ まで −− ＞', 'https :// rio 2016 . 5 ch .... i / psy / 1750606315 / 819   「 怒り の 子 」 と その 配下 の 者 たち ＝ 他 罰 的 過ぎる 。 「 晒し 」 など の 犯罪 行為 。   「 ラピス 」 ら による 異常 な スレ 乱立 。   和紙 （ 鷲 ） 、 琴 （ サラ ブルー ） 、 美麗 （ milet ） 、 まち こ 、 及び その 配下 の 者 たち   による 酷 過ぎる 「 裁き 」 行為 。   この 「 裁き 屋 」 たち が キリスト スレ に 屯 し て いる 。   以上 、 特に 目立つ 「 要注意 人物 」 たち で ある 。   今後 とも 、 「 報 連 相 」 を 大切 に 。   徹底 警備 を 頼む 。   〜 〜 〜 〜 〜 〜 〜 〜 〜 〜 〜 〜 〜   ルカ の 福音 書 ６ 章 ４ ３ 節 〜 ４ ５ 節   悪い 実 を 結ぶ 良い 木 は ない し 、 良い 実 を 結ぶ 悪い 木 も あり ませ ん 。   木 は どれ でも 、 その 実 によって わかる もの です 。   いばら から いちじく は 取れ ず 、 野ばら から ぶどう を 集める こと は でき ませ ん 。   良い 人 は 、 その 心 の 良い 倉 から 良い 物 を 出し 、 悪い 人 は 、 悪い 倉 から 悪い 物 を 出し ます 。   なぜなら 人 の 口 は 、 心 に 満ち て いる もの を 話す から です 。', 'onward christian soldiers marching as to war, (kill!! kill! kill!!) with the cross of jesus going on before, (kill!! kill! kill!!), christ the royal master, (kill! kill! kill!) leads against the foe, (kill! kill! kill!), forward into battle, (kill! kill! kill!)\n\nonward then ye people, join our happy throng, (kill!! kill! kill!!), blend with us your voices, in our trumpsters song, (kill!! kill! kill!!).']"
2,97,2_孔子_神棍_手上_洪秀全,"['孔子', '神棍', '手上', '洪秀全', '两个', '実在', '背后', '主耶稣', '厉害', '爹']","['耶稣 还 不如 台湾 的 大黑 佛母 厉害 ， 怎么 敢 和 孔子 相提并论 的 😯', '世人 皆知 ， 耶稣 手上 有 两个 孔子 ， 但 却 忽视 了 其 背后 还有 个 庄子', '因为 耶稣 手上 有 两个 孔子']"
3,80,3_trump_white_america_evangelical,"['trump', 'white', 'america', 'evangelical', 'clinton', 'donald', 'gop', 'conservative', 'oil', 'republican']","['i don\'t think so - as i said, i was most comfortable with kasich, but voted for cruz given that i wanted to send a message to the party.  trump will cross my line at some point i am sure, but i personally would prefer pence to him any day, but the fact trump chose pence, gives me hope that he may one day change. you seem like a rational person,  albert mohler has a series called ""the briefing"" i listen to daily and did through the entire election cycle - he gave trump no quarter and openly said he did not see how any evangelical could vote for trump (which i did not),\n\n i am  however going to honor the office and authority until i cannot any longer, when is that don\'t know but i am going to cut him some slack, he may learn something about shooting his mouth off. who knows - he has already defied all logic in just winning. if you listened to some of mohlers archives i believe you would gain some more insight and take comfort in knowing there are some rational christians in this country.', 'forget the other candidates.   what about mike pence?    this is a guy who came out of nowhere, and (should trump win) will be a heartbeat away from the presidency.    should trump lose, pence has leapfrogged to the top of the contenders list for 2020.     the term ""christian taliban"" could be fairly applied to pence - he has extreme social conservative views.\n\npeople used to joke that trump was a democratic plant to blow up the gop.     but it\'s becoming more likely that trump was a tea party plant to make everybody else in the gop (including tea partier\'s like cruz and pence) look ""moderate"" by comparison.', ""the christians who have cast their lot with donald trump have made a faustian bargain with the devil, and it will surely come back to haunt them. trump is a christian in name only, and the christians who lavished him with their votes and continue to lavish him with their support would realize this if only they would open their eyes and ears to the truth that he's a complete charlatan. but that will never happen in their hermetically-sealed echo chamber. and so they will continue to delude themselves as they willfully cast a blind eye on his abuses of power, his utter disdain for the poor and needy whom jesus championed, his blatant favoritism for his own billionaire class over everyone else, and of course his demonization of everyone who is not white and christian. people who actually read the gospels have no problem figuring out what jesus christ would make of donald trump, which makes me wonder if these trump-supporting christians are reading from a completely different book.""]"
4,65,4_children_priests_marriage_abuse,"['children', 'priests', 'marriage', 'abuse', 'gay', 'sexual', 'married', 'homosexual', 'sacrament', 'clergy']","[""this report is very sad.  the single most important issue facing the catholic church as a whole is the sexual abuse of minors and others by clergy and religious.  if this commission does not come up with a strong set of procedures and rules for every diocese to follow in these cases, it is useless. these procedures should include the removal and excommunication of any bishop who participates in or covers up sexual abuse -- no plum retirement assignments -- they're out and on their own financially and legally.  \nif pope francis can't get this done, who can?  and if it can't be done, what's to become of the church?"", 'after the boston globe broke the story on priestly sexual abuse in 2002, the american bishops established an independent panel to study this issue. when the national review board released its findings in 2004, noted washington attorney robert s. bennett, who headed the study, said, “there are no doubt many outstanding priests of a homosexual orientation who live chaste, celibate lives, but any evaluation of the causes and context of the current crisis must be cognizant of the fact that more than 80 percent of the abuse at issue was of a homosexual nature.”\n\nfurthermore, the panel explicitly said that “we must call attention to the homosexual behavior that characterized the vast majority of the cases of abuse observed in recent decades. . . .”\n\nhttp://www.catholicleague.org/homosexuality-and-sexual-abuse/', '""the report also rejects the claim that the second vatican council and the sexual revolution were responsible for the outbreak of child sexual abuse, as some have claimed"".\n(from p.193)\n* the impact of the sexual revolution, particularly on psychosexually immature men, whose sexual immaturity and deprivation led to distorted cognitive thinking about children and whose repressed sexual curiosity led to greater sexual experimentation;\n* the greater general turbulence in the catholic church during and immediately after the second vatican council, with the celibacy debate masking the deeper crisis about the role of the priest\n* ‘young priests unilaterally abandoned the obligation to remain celibate, while some people opted for the priesthood in the expectation it would be abolished’, leading to a conscious rejection of the celibacy rules by many clergy.\nmuch of this relates more to the abuse of adults.\nhttps://eurekastreet.com.au/article.aspx?aeid=52339']"
5,61,5_pope_teaching_holy_francis,"['pope', 'teaching', 'holy', 'francis', 'ii', 'catholic', 'father', 'vatican', 'afraid', 'bishops']","['jp ii ceased being pope more than ten years ago.  jp ii himself had no power to bind his successors to any particular perspective, whethe it agreed with his own judgment or not.  the same must be said of pope francis, as well as his successors.  there are times when discontinuity in church teaching is necessary and called for, and this is one of those times!', ""i don't often agree with life of the lay, but this time i have to agree. when did 'popularity' become a job-description for being the leader of the roman catholic church worldwide? heck,  even the word 'popular' does not properly describe what is expected of popes these days.  instead, it seems that 'successful' popes must have 'rock star' qualities in regard to the size of the crowds they attract (invariably described as a million or more fawning / fainting individuals raising up their babies or doing their best to take a 'selfie' with the pope. \n     but in fairness, the requirement for 'rock star' status didn't begin with pope francis -- it began with pope john paul ii.  yes, i will admit that at first it was exciting to have a pope visiting in the catholic people in their home countries. i, myself went down to grant park in chicago in october 1979 to see jpii in person. but enough of papal visits already -- what counts are the teachings, not how many autographs he can sign!"", ""the holy spirit selects the pope.\nthe pope must be listened to.\nexcept i don't like this pope and what he's teaching.\nthe holy spirit obviously doesn't choose the pope after all.""]"
6,59,6_教_キリスト教_悪い_犠牲,"['教', 'キリスト教', '悪い', '犠牲', '馬鹿', '国家', '実験', '繰り返し', 'せい', 'やん']","['キリスト 教 や ユダヤ 教 の 連中 が し た 過去 も 現在 も 見れ ば 悪魔 で しか ない だろ 。', 'キリスト 教 で は 、 神 を 信じ ない の は 罪 という こと に なっ て い ます 。 ほんで キリスト教 が 悪い 。', 'キリスト 教 が 一 番人 を 殺し てる のに キリスト教 で 平和 に なる とか 片腹痛い www イテテ']"
7,53,7_教_理解_人間_ユダヤ,"['教', '理解', '人間', 'ユダヤ', '罪', '自分', 'なさい', '事', '無い', 'マジ']","['罪 意識 は 悪い こと です   ネガキャン   を 自ら 植え付ける から です   その 弊害 は 病気 や 災害 と なっ て 現れ ます   今 すぐ 罪 意識 を 振り払う こと です   人間 は 神 の 子   神 の 子 ＝ 神   神 に 罪 は あり ませ ん   この 真理 を 知り なさい   そう すれ ば その 場 で 神 の 国 の 住人 と なる の です   ユダヤ 教 キリスト教 イスラム教   これら は 全部 基地 害 です   大元 の ユダヤ 教 の 旧約 を 読ん で ごらん なさい   まさに 基地 害 じみ て い ます   大元 が 基地 害 だ から 分派 も 基地 害 に なる の です   今 すぐ これら の もの から 離れ なさい   そして 和 の 精神 で ある 日本 の 神道 に 帰り なさい   太陽 の よう に 明るい   平和 の 教え   平和 の 精神   万物 大 調和 の 心 で ある 日本 の 神 の 教え を 信じ なさい   我々 は 日本人 な の です から   日本 の 平和 な 神 を 信じ ましょ う   罪 など あり ませ ん', 'キリスト 教 の 指導 者 たち は 実は 神 の 存在 を 信じ て い ない 唯物 論 者 だ と 言う 方々 が い ます が 、 彼ら も 弱い 人間 で あり 、   異教徒 や 無神 論 者 より 恩恵 、 ご利益 を いただき たい と 願っ て おり 、 死後 は 天国 に 行き たい 、 死ん だら 意識 も 何 も 残ら なく なる なんて の は 嫌 だ と 思っ て い ます よ   ただ 聖書 の 内容 を 文字通り 信じ て い ない （ 普通 の 人間 が 素直 に 信じ られる はず が ない ） のに 神 から 少し でも 認め られ たい 動機 で 教団 を 運営 し て いる だけ です   原罪 とか 言っ て い ながら 自分 の 罪 に は すごく 甘い 。 十字架 による 安易 な 罪 の 許し は かえって 世界 に 罪悪 を 広め て しまう 。 もちろん 自分 の 罪 を 真剣 に 考え より 清い 生き方 を 志す 人 たち も いる だろ う が 、 この 人 たち も 自分 の 仲間 が そこ まで 堕落 し た 人間 だ と 信じ て い ない から 余計 に タチ が 悪い   キリスト 教 の 歴史 は 失敗 の 連続 で 、 日本 国民 全体 で は マイノリティ に なる だけ な のに 、 本心 で は 信じ て い ない 宗教 を 無理 に 宣伝 する こと が そもそも の 間違い だっ た の です 。 人 も 自分 も 救え ない こと が 罪 です   イスラエル と ガザ の 戦禍 の 中 に いる 人 が 「 神さま の 糞 っ たれ 。 俺 たち が 不幸 な の は あんた の せい だ 」 と 言わ れ て 神 が 腹 を 立て て 罰する よう で あれ ば 、 そんな 狭量 な 神 に 人類 を 裁く 資格 なんて ないし 人間 の 側 が 神 を 追い出さ ね ば なら ない', 'くだらない 罪 意識 から 離れ なさい   キリスト 教 で は イエス の 贖罪 により   罪 は 消え た という 設定 な の で は あり ませ ん か ？   だっ たら もう 罪 は 消え た と 思う べき でしょ う   もう 罪 に 固執 する こと は お やめ なさい と いう こと です   ユダヤ 人 が 虐殺 さ れ た の は 罪 意識 に 固執 し た ため で あり 、   また イエス 殺害 の 罪 を かぶせ られ た から で あり ます   だが 、 ユダヤ 教 に 神 が いる の なら ば 、 そういった 災難 から 守っ て あげ なけれ ば なり ませ ん   だが 、 その 願い も むなしく ナチス ドイツ により 無残 に 殺さ れ まし た   そこ に 神 は いる の でしょ う か ？   ユダヤ 教 に 神 は いる の でしょ う か ？   また キリスト教 で ある ヒットラー は イエス の 仇討 ちの つもり で ユダヤ 人 を 虐殺 し た   キリスト 教 が まとも な の でしょ う か ？   キリスト 教 に 神 は いる の でしょ う か ？   多く の 日本人 は こう いっ た 、 ユダヤ キリスト 教 を まとも だ と は 思っ て い ない から こそ   ユダヤ キリスト 教 に 神 など い ない と 思っ て いる から こそ   日本人 の ９ ９ ％ は ノン クリ な の です   日本人 の ほとんど が 、 ユダヤ キリスト 教 の 基地 害 教義 に は 洗脳 さ れ ない の です   そして それ は 正しい 判断 な の です 、   我が国 日本 の 平和 な 神 の 教え こそ 真理 な の です']"
8,43,8_笑话_接触_西方_community,"['笑话', '接触', '西方', 'community', '贵族', '第一个', '真', '类似', '地位', '感觉']","['神父 笑话 的 本质 是 男同 笑话 而 不是 宗教 笑话', '修女 笑话 \n 你 是 指神 🐔 吗', '修女 笑话 基本 就是 纯粹 的 炫 压抑 笑话']"
9,38,9_testament_knowledge_read_mercy,"['testament', 'knowledge', 'read', 'mercy', 'christ', 'judged', 'based', 'biblical', 'facts', 'w']","['the manipulation actually goes further back, to the very origin of the canon. wherein the council of nicea voted on central dogma, as well as which of the thousands of ""scriptures"" ( the greek word used by paul literally means ""anything written"") were ""authentic"". this voting process was contentious and occasionally violent (saint nicholas of myra punched an eighty-year-old bishop named arius in the mouth), and ultimately doctored by the romans, whose intention was to use it for control. that\'s why the new testament, written by hebrews during their insurrection against rome, says nothing negative about the roman empire.\n\nand yes, the sinai bible, the oldest known version which is kept in the british museum, is quite different from the one fundies today use to shake at us heretics. for instance, ""barabbas"" (not a name that occurs anywhere else ever) appears as ""jesus bar-abbas"" (son of god). \n\nyeah, actually reading that thing cover-to-cover was the beginning of the end for me.', ""that's a legitimate question, one theologians have debated for years. an intriguing study if you have that interest.  short answer, we believe god is just & merciful, & while he has not revealed exactly how that would work, there are passages in the bible that indicate he's got that figured out and the plan is fair. we're told that people who lived before christ but believed in the hebrew god (abraham, moses, david) are judged based on what they did with the knowledge they had & were given salvation based on the faith they showed.  we're told that those who were not given specific revelations about god did have knowledge of a higher being & will be judged based on what they did with that.  recorded interactions between hebrews and non-hebrews in the old testament indicate this, & many systems of deities known from secular history also indicate this kind of knowledge.\n\ni'm not trying to convert you :-) just trying to answer your questions.  i wish you well, also."", '""exodus 35:2 ""those that work the sabbath should be put to death.""\nwhy isn\'t that happening? ""god""....friggin stupid humans and their stories.""\n=============\nyou know the bible good enough to refer to a book, chapter and verse....and quote it. good for you. that\'s a start.\n-\nthe ""rest of the story"" tells us why (1) you are confused (2) you don\'t understand.\n-\nhosea 7:9 ""i desire mercy and not sacrifice, and the knowledge of god more than burnt offerings."" burnt offerings and sacrifices were never, ever meant to ""replace"" knowledge of god and mercy. thus your quote of exodus 35:2 shows you have ""some knowledge"" but ""little mercy."" \n-\nthe entire new testament is a testament that the ""laws of punishment"" has been replaced - replaced - by the ""grace of god."" it\'s the continuation of that hosea 7:9 idea.....that god is far more interested in ""getting people back to him"" than in simply punishing ""sinners"" with death.\n-\nyou sound like jonah who actually got made when god showed mercy.']"
10,38,10_宽恕_基督徒_孩子_自杀,"['宽恕', '基督徒', '孩子', '自杀', '恶心', '做', '更', '罪人', '死', 'target']","['胡扯 八道 ！ 我们 之所以 信仰 上帝 相信 我们 是 神 的 儿子 耶稣基督 重价 赎回 的 前提 是 我们 承认 自己 是 罪人 ， 每 一个 人 都 是 上帝 创造 的 有神 的 形象 在 人 里面 ， 基督徒 居然 转发 这些 自以为是 的 人 所发 的 诋毁 信仰 的 微博 还 说 人家 说 的 对 实在 让 我 伤心 ， 让 我们 怎么 给 不信 的 人 做 见证 ？ 神爱 罪人 也 爱 不 认识 神 恩典 的 人 基督徒 更要 学习', '@ 迦南 妇人 的 信心   如果 你 真是 基督徒 ， 要 做 的 事 是 为 受害 的 婴儿 与 她 的 家庭 祷告 ， 为 在 永死 和 地狱 的 火 湖前 的 韩磊 灵魂 祷告 ， 而 不是 用 你 诡诈 滴蜜 的 舌 ， 反复 圈呼 诸多 基督徒 来 帮 你 为 这样 一桩 恶行 洗 地 、 甚至 狡狯 地 暗示 孩子 母亲 也 有 错 。 在 中国 ， 真的 什么 都 可以 被 兑现 利用 ? 连 信仰 也 可以 ?', '一个 婴儿 生命 的 丧失 ， 凶手 韩磊 所谓 女友 出来 告白 后 ， n 多 基督徒 著名 知识分子 出来 说 ： ＂ 宽恕 他 吧 。 ＂ 刑不上 大夫 到 了 另 一个 群体 中 就 变成 了 ＂ 刑不上 基督徒 ? ＂ 除了 基督 ， 谁 又 有 赦罪 的 权柄 ? 除了 受害人 ， 谁 又 可妄举 宽恕 的 权力 ? 你们 表现 拥有 ＂ 高贵 的 仁慈 ＂ 时 ， 想一想 失去 孩子 的 母亲 。']"
11,35,11_佛教_中国_传教士_传教,"['佛教', '中国', '传教士', '传教', '道教', '佛', '文化', '信徒', '仏教', '推广']","['佛教 的 逻辑 基本 是 这样 的 ， “ 你 并 不是 真的 恶毒 、 淫荡 、 吝啬 、 邪恶 ， 你 只是 太蠢 罢了 ， 只要 你 肯用 用 脑子 那 还是 有救 的 ” 。 佛教 真是 一种 从 骨子里 就 高 冷 的 宗教 ， 耶稣 还 可以 跟 撒旦 对 掐 ， 佛祖 大概 只会 摸摸 撒旦 的 头 ， 叹 一句 ： “ 唉 ， 傻 逼 。 ”   不过 远远不如 道教 啊 ， “ 爱信信 ， 不信 滚 ， 不要 打扰 我 飞升 。 “', '支教 老师 就是 儒教 传教士 ， 现代 更是 大力 推送 孔子 学院 \n 另外 儒教 主要 是 向 皇帝 诸侯 传教 \n 而 道教 则 是 有点 化一说 。 不像 基督教 那样 逮住 一个 传教 一个 ， 而是 看 谁 顺眼 传教 给 谁 。 \n 同时 这俩 教 都 与 汉 文化 中原 强 绑定 ， 不太 愿意 向 外族人 传道', '首先 你 要 明白 为什么 要 有 传教士 ， 传教士 的 作用 是 什么 ？ 儒家 不 需要 传教士 ， 从 汉代 官方 就 开始 推广 和 执行 ， 儒家思想 已经 深入人心 了 。 道教 是 有 传教 者 的 。']"
12,33,12_信_科学_観_社会,"['信', '科学', '観', '社会', '絶対', 'あなた', 'カルト', '価値', 'ダメ', '基督徒']","['>> 19   彼ら の 信仰 を 否定 しよ う と は 思い ませ ん が 、 自分 に は そう 見える という 話 です 。   孤立 化 について は 、 キリスト 教 という もの が 本来 の 宗教 と は 別物 で あり 、 社会 が 共有 する 価値 観 として で は なく 、 個人 と 絶対 者 と の 契約 を 履行 する 結果 として の 社会 的 良識 な ので 、   様々 な 派生 物 が 作ら れ 、 結果 として 社会 が 法的 整合 性 を 満たす 限り 何 でも あり な 事 に なる 、 よう に 見える という 話 です 。   そして 、 日本 も その よう に なっ て き て いる という 話 。', '>> 44   ワッチョイ だけ の 問題 でしょ う か ？   あなた が 幸福 の 科学 信者 さん で 、 キリスト 教 スレ を   グノーシス に 塗り替えよ う と し た から です よ 。   あなた は キリスト教 を 乗っ取り 幸福 の 科学 の 支配 下   に 置こ う と し て い ます 。   あなた の 下心 は 見抜い て い ます 。   それで あなた は 最終 的 に この スレ に 来る 信じ やすい   神 の 子 ら 騙し 「 幸福 の 科学 」 即ち   反 キリスト 大川 某 の 教え で 洗脳 し 、 純情 な 神 の 羊 達 を   騙し 、 地獄 に 突き落とそ う と し て いる 。   甘い 言葉 に 騙さ れ ませ ん 。   再び 仏教徒 さん と の 醜い 争い に なる 前 に 此処 を 去っ て   下さい 。 あなた は あなた の 場所 で 信心 さ れる 方 が 幸せ   だ と 思い ます 。', 'キリスト 教 は カルト で ある 。   その 説明 を しよ う 。   本来 、 宗教 と は 任意 の 群れ を 束ねる 共有 さ れ た 価値 観 で あり 、 これ は 群れ と ボス 猿 の 関係 性 を 敷衍 し た もの に 過ぎ ない 。   マトモ な 知性 の 持ち主 なら 理解 頂ける で あろ う 、 この 理屈 は 、 キリスト 教 という カルト が 世界 を 侵食 し た 現代 で は 受け入れ がたい 話 で あろ う 。   何故か ？   キリスト教徒 で は ない 人々 も キリスト教 的 な 価値 観 に 侵食 さ れ て おり 、   某 か の 「 絶対 存在 」 を 無意識 に 頂い て いる 為 だ 。   キリスト 教 的 な 「 宗教 」 や 「 絶対 存在 」 の 否定 を 無意識 に 拒む 為 だ 。   だから 、 人々 は 何事 に も 安易 で 分かり やすい 「 敵対 者 」 を 探す 訳 だ 。   宗教 と は 、 人工 の エセ 神話 や エセ 絶対 者 を 盲信 する もの で は なく 、   本来 は 、 不可解 な 自然 現象 や 死後 を 説明 する 世界 観 で あり 、 その 世界 観 に従って 形成 さ れる 価値 観 そのもの を 意味 する 。   日本 の 場合 、 例えば 太陽 は 天 照 皇 大神 で あり 、 故に 礼拝 する もの で あり 、 我ら を 見守る もの で ある 。   しかし 、 キリスト 教 による 世界 侵略 によって 、 世界 各地 の 宗教 、 文化 が 破壊 さ れ 塗り替え られ た 。   どの よう に ？   個人 主義 とか 能力 主義 とか 見れ ば 判る よう に 、   個人 と 絶対 存在   という 契約 を 無上 と する 、 社会 文化 を 軽視 、 或は 拒絶 する 価値 観 に 塗り替え られ て だ 。   キリスト教徒 側 は こうした 論 を 否定 する が 、   現実 として 、 日本 文化 を 消そ う と し て いる の は 諸兄 も 御 承知 の 事 だろ う 。   また 、 同様 の 事 を 共産 主義 勢力 も し て いる 事 も 。   これ は 、 共産 主義 も キリスト教 文化 から 派生 し た 同質 の カルト で ある 証左 だ と 言える 。   彼ら も また 、 「 共産 主義 による 世界 支配 」 を 夢見る 連中 だ 。   カルト と は 、 反 社会 の 邪教 で ある 。   そして 、 日本 国 は 、 こうした 反 社会 勢力 を 幾つ も 「 宗教 」 と 認可 し 、 税制 優遇 処置 を し て いる 。   世界 的 に 見 て も 、 「 キリスト 教 は カルト だ 」 と は 公式 に 認める 所 は 無い 。   これ が 現状 で ある 。']"
13,33,13_immigrants_refugees_country_social,"['immigrants', 'refugees', 'country', 'social', 'views', 'islam', 'countries', 'east', 'kids', 'society']","['captain,\n\nby conflating the chaotic mass migration of single men from africa and the near and middle east into europe with the carefully vetted selection of immigrants and refugees (largely families) assisted by an effective settlement network in canada to assist the newcomers adjust to their new country, canada, you do yourself and readers of your comment a great disservice.\n\nthere is no indication that this latest wave of new canadians will be more problematic or, over time, not make their own significant positive contribution to canadian society.  your negative reaction mirrors the reactions of other past reactionaries to irish, eastern european, jewish, asian, etc. earlier waves of immigrants.\n\nchill out.', 'regarding; "" let us remember that mary, joseph, and the baby jesus were also immigrants in a foreign land when they fled from king herod to egypt. "" (bishop eusebio\'s item on the usccb\'s blog)\n- the bishop reminds us that fleeing means that they were refugees to a country whose border was relatively near to where they were, even by walking. as the story is told, mary, joseph, and jesus returned to their home. the return emphasizes that they were refugees, rather than immigrants, that is ready to make a permanent home in the land of the egypt.\n- though the gospel story is mute on this, it would seem that anyone crossing the border had little if any meaning to egypt.\n- today, most countries have laws that prevent and or control the entry of peoples. usa is such a country where most permanent immigrants are here according to the law. usa also has legal processes to help entering refugees, and asylum seekers.', 'you missed his words on the vegas attacker. they were swift.\n\nimmigration here was always set up to be immigrants who added to our country, skills, lifestyles, whse culture aligned with our american culture and english speaking was a critical role there.\n\nrefugees were established for those people who were being persecuted and killed. that included refugees from the middle east-it began with a focus on rescuing christians and bringing them here. i know one such family from iran...but they are not \'white\'-\n\nso this "" who speak english and are christian"" makes sense.']"
14,31,14_中国_政府_弾圧_国,"['中国', '政府', '弾圧', '国', '迫害', '主義', '共産', '全能', 'でしょ', '自由']","['共産 主義 について   キリスト 教 文化 から 生じ た 、 「 思想 」 と さ れる もの だ が 、 これ は 要は 原始 社会 制度 の 上 に 共産 党員 という 特権 階級 を つけ た だけ の 話 を 専門 用語 で 飾り立て た カルト だろ う と 思い ます 。   共産 主義 者 は 理想 と さ れる 社会 の 実現 の 為 なら 、 犯罪 も 正当 化 さ れる という 野蛮 な 信仰 でしょ う 。   或は 「 自 心 は 凡俗 ども より 高等 な 意識 だ 」 という 妄執 でしょ う か 。   この よう な 生態 は 、 キリスト 教徒 が 千 年 王国 に 行く 為 に 蛮行 を 繰返し 、 異教徒 を 人 として 認識 出来 ない の と 同じ でしょ う 。   歴史 的 に 、 現在 で は 共産 主義 勢力 の 自由 経済 社会 へ の 破壊 工作 は 巧妙 化 し 、 合法 の 範囲 で 世論 を 操作 し て い ます 。   表面 化 し てる アカ の 杜撰 さ から 、 こんな 訳 は 無い と 言う 方 も 居る でしょ う が 、 表面 化 し てる の は 末端 だけ だ と 思い ます 。   日本 の アカ 党 も 下部 組織 で しか あり ませ ん 。   蠱毒 の よう な 社会 を 生き抜い た 旧 ソ連 や 中共 の エリート の 連中 と は 別物 でしょ う 。   しかし 、 キリスト 教 と 同様 、 誤っ た 世界 観 、 価値 観 な ので 、 大局 的 に 見れ ば 破滅 に 向かう の は 確か でしょ う 。', '中国 の キリスト教 を 弾圧 し てる 中国 政府 は 反 キリスト   中国 に は 中国 政府 が 公認 し ない 地下 教会 が ある 。', '中国 と 付き合う の は 信仰 的 に も 反し て いる   現代 で も 宗教 弾圧 し てる 中国 。   ローマ に 破門 さ れ てる 中国 カトリック 教会 。   バチカン と 国交 が 無い 中国 。   強制 労働 の 搾取 で 成り立っ てる 中国 経済 。   いつ まで も 過去 に 粘着 する 反日 憎悪 教育 。   中国 を 侵攻 し た こと が ない 周辺 国 へ の 脅迫 。   日本 と 経済 取引 が ある から と いっ て サタン に 属し てる 中国 と 関わる 正当 性 は 無い 。   経済 は 最 重要 で は ない 。 （ 新約 聖書   人 は パン のみ にて 生きる に あら ず ）   強制 労働 の 搾取 で 成り立っ てる 国 と 取引 する の は 人 の 道 に も 反する 。   搾取 さ れ てる 人々 の 立場 で 考えろ 。   悪魔 の よう な 中国 を 擁護 する 怒り の 子 （ 芥子 だ ね ） は 反 キリスト教 。   れい わや 社民党 を 支持 する 怒り の 子 （ 芥子 だ ね ） は 反 キリスト教 。   カトリック 信者 は お前 を 嫌悪 し て いる 。 死ねよ クズ']"
15,29,15_狗_称_杀_路边,"['狗', '称', '杀', '路边', '可怕', 'url', '一条', '骂', '神棍', '想']","['黑 太极 的 ， id 后面 都 有 编号 ， 很 显然 是 受雇 的 。 或者 是 基督 狗 。', '凌迟 烧死 基督 狗 以及 一切 牛鬼蛇神 ！ 人类 的 毒瘤 。', '想 做 基督 狗 的话 ， 请 找 混沌 大主教 。 \n 还有 ， 我 从来不 认为 基督 狗 或者 基督 狗 预备 式 会 是 皇汉 主义者 。']"
16,23,16_women_priests_men_priesthood,"['women', 'priests', 'men', 'priesthood', 'ordained', 'male', 'leadership', 'theology', 'married', 'cardinals']","[""i sincerely hope that in some future century, (if we survive the present political and environmental dangers), the institutional church will be honest enough and brave enough to acknowledge the courage and foresight these pioneering women showed in the earliest stages of breaking down this mysogynistic barrier.  i hope the female pope of that day will lead a universal ritual of apology for the institutional oppression of all women and in particular those women denied consideration of ordination. i hope for equality, the freedom for women to serve as minister and leader, and for women's influence and wisdom in theology and scriptural interpretation.  women's place is not a step behind men's but equal before god in common humanity and in christian baptism."", '""god calls men and women to the priesthood.""\nif this is true, then the same god calls men and women for pregnancy. do you agree ? what is the difference ? pregnancy is the in born nature of womanhood;  so is male priests to catholics. why to change this ? any pressing need?\n\ninstead of such meaning less requests, catholic women should be demanding for holy sacraments like confession to be administered by women. there you have a point..', ""um, actually it has everything to do with it.\n\nyou see, women exercise motherhood.  pregnancy is the quintessential aspect of being a mother.  it is true that not every women can or will become pregnant.   getting pregnant however is part of the female nature.  it is not part of the male nature.  this is because males exercise fatherhood, not motherhood.\n\nwomen cannot be priests because of what the priesthood is at it's core: fatherhood.  you will notice that many of the debates about women's ordination are as much about what the priesthood is as who can exercise it.  it is not a coincidence that those who support women's ordination also tend to take a very protestant notion in their theology of ministry.  the idea that ordination isn't a sacrament but just a formal commissioning of someone specially trained in theology to represent and act on behalf of the congregation.  indeed--if that is all the priesthood was, there is no reason women cannot get ordained.""]"
17,23,17_vote_catholic_abortion_bishops,"['vote', 'catholic', 'abortion', 'bishops', 'pro', 'issue', 'republican', 'candidate', 'catholics', 'support']","[""i believe you do not understand the standards by which the bishops measure political positions.  donald trump has said he is pro-life.  therefore, he is pro-life and pro-catholic, regardless of his current or past actions, or, for that matter, regardless of whether he actually does or doesn't oppose legal abortion.  what matters is that he is a man and he has paid service to the one issue chosen by the bishops to rally the faithful.  the bishops recognize the inherent veracity of trump because he, like them, is a man, and jesus was a man, as was his father.  it is all very clearly based upon the gospel.  we, as laity, particularly those who have the wrong set of chromosomes (you know who you are), should not worry too much about all this, we should simply follow the leaders.  it's what jesus would want us to do.  just ask your local priest."", '""pope francis had it right when asked -- u.s. voters should ponder and pray and then vote their consciences. by placing so much emphasis on a single issue, by essentially making it obligatory to vote according to a candidate\'s or party\'s stance on that one issue, bishops put many catholics in a difficult position as they try to reconcile that issue with the myriad others that have raised themselves this election cycle.""\n\nit is intelligent writing like this that has made me an ncr subscriber for decades.  the republican bishops and their fellow shills among the clergy and laity tell us we have to vote ""pro-life.""  my question is what party is ""pro-life?""  the republican party has ""pro-life"" verbiage in its platform, but when it comes to doing anything to change the law on abortion they do nothing.  in just two years the republicans in the house voted 53 times to overturn obamacare.  how many times did they vote to change the law on abortion?  that\'s right: zero.', 'of course--same reasons--why would you even ask?\n\nyou think i would vote for john kerry---who claims to be catholic yet supports abortion?  i would have had more respect for him if he said ""i am pro-abortion.  i know this puts me at odds with the catholic church, but this is who i am.  my political advancement matters more to me than my faith."" \n\nthe democratic party platform on moral issues can\'t be more antithetical to the catholic faith.  what\'s more, they are, in many ways, now openly hostile to the catholic faith--at least a catholic faith of any substance.\n\nbe that as it may. what i said stands: i would vote for a democrat who was pro-life over a republican who is pro-abortion.  that issue is fundamental for me. as i also said: while voting republican is no guarantee of a decent justice, a vote for a democrat is a guarantee for liberal justices.  republican justices often times do not pan out--but democratic appointed justices always pan out for the left.']"
18,21,18_2016_月_日_匿名,"['2016', '月', '日', '匿名', '年', '04', '05', '女', '03', '男']","['🍐🍐🍐   可哀想 な 中 重度 認知 症 の 福音 暇人 お 爺 ちゃん も 皆さん の 優し さ で 回復 する と 思い ます 📱📱📱   459 ： 還暦 子供 ： 2025 / 11 / 06 ( 木 )   06 : 01 : 52   id : 8 idmyk 4 k   情緒 不安定 の おば あ ちゃ ま や チェイサー さん が 救急 車 で 運ば れん よう に   もう エロ ビデオ だけ 流し て 放置 し て おく の は 辞め ます ・ ・   福音 伝道 も 興奮 さ せる 禁句 言っ て いい かき い て 必ず 拒絶 さ れ まし た から 🔥   359   ： 福音 伝道 外伝 []： 2025 / 10 / 24 ( 金 )   16 : 23 : 54 . 61   id : cv 6 yzepf   真実 は   初めて 付き合っ た 人 と うまく いか ず に ・ ・ 何 の 気持ち良 さ 見 なく ・ ・   二 人 目 の 私 に も   やはり   余り の 小さ さ で ・ ・ 濡れ ない 私 に は もってこい の ・ ・ 中年 から レス 夫婦 🔥   多分 私 は 血 が 出 ます ・ ・   360   ： 福音 伝道 外伝 []： 2025 / 10 / 24 ( 金 )   16 : 24 : 59 . 24   id : cv 6 yzepf   普通 の 方 の は 無理 だ と 思い ます ・ ・ またまた 血 が 出 て ・ ・   454 ： 還暦 子供 ： 2025 / 11 / 06 ( 木 )   05 : 03 : 03   id : 8 idmyk 4 k   サス 九 の 知ら ない 店 に は いか ない 方 が いい かも ・ ・   セクシー 女優 じゃ なかっ た   が 口癖 の サス 九 は いる から ・ ・ 🔥', 'ヒロイモノ 中毒   キリスト 最後 の 聖戦 【 画像 】   2009 年 12 月 06 日 01 : 30   画像 ネタ   コメント ： 0   818   ： 彼氏 い ない 歴 774 年 ： 2009 / 12 / 05 ( 土 )   23 : 05 : 37   id : r / tflmdh   820   ： 彼氏 い ない 歴 774 年 ： 2009 / 12 / 06 ( 日 )   00 : 58 : 04   id : 0 ibh / 0 cz   ２ コマ 目 ３ コマ 目 おかしい だろ ｗ', '俺 「 産まれ た ！ dna 鑑定 しよ う ！ 」 嫁 『 出 て け ！ 』 → 病室 から 追い出さ れ て 数 年 別居 する はめ に ・ ・ 鑑定 やり たい なら 妊娠 する 前 か 、 結婚 する とき に 許可 もらっ て おい た ほう が いい ぞ 。 ｜ ふよ ふよ 速報 。 ｜ 2 ちゃん ねる 生活 系 まとめ ブログ   >> 58   病室 で やっ た の ？ ！   あんた 鬼 か よ   ふよ 速 人気 記事   61 ： 名無し さん ＠ お腹 いっぱい 。 ： 2016 / 03 / 25 ( 金 )   00 : 03 : 05 . 86   . net   id :   >> 58   なんで 鑑定 しよ う って 言っ た の ？ 興味 本意 ？ ただ の 思い付き ？   66 ： 名無し さん ＠ お腹 いっぱい 。 ： 2016 / 03 / 25 ( 金 )   00 : 13 : 51 . 21   . net   id :   私 全く 疚しい こと ない し 、 調べ て たい って 言わ れ て も なんとも 思わ ない なー 。   それで 安心 できる なら どーぞ ー って 感じ 。   疑っ てる って より目 に 見える 確信 が 欲しい の か な ？ って 気 も する 。   70 ： 名無し さん ＠ お腹 いっぱい 。 ： 2016 / 03 / 25 ( 金 )   00 : 18 : 29 . 83   . net   id :   >> 66   全く 疚しく なく て も その 聖女 モード が 産後 すぐ できる か って いう と 難しく ない か ？   私 は マタニティーブルー みたい に なっ て ずっと 病院 で 泣い て た よ 。   三 ヶ月 くらい は 不安定 だっ た わ 。   60 ： 名無し さん ＠ お腹 いっぱい 。 ： 2016 / 03 / 25 ( 金 )   00 : 00 : 50 . 29   . net   id :   うち の 旦那 は アホ だ から   やっ て みたい なら 親 と やれ ！ って 言っ たら 本当に 旦那 の 親 と やっ て み て   ０ ． ０ １ ％ 違う … て 落ち込ん で た   アホ だ から 今 も 一緒 に 暮らし てる   68 ： 名無し さん ＠ お腹 いっぱい 。 ： 2016 / 03 / 25 ( 金 )   00 : 14 : 19 . 54   . net   id :   今 は 一緒 に 住ん でる って こと は 奥さん 菩薩 か なんか か よ 。   なぜ 自ら atm に 成り下がる 。   72 ： 名無し さん ＠ お腹 いっぱい 。 ： 2016 / 03 / 25 ( 金 )   00 : 20 : 37 . 16   . net   id :   言わ れ て も 気 に し ない 人 も 現実 に いる けど   気 に する 人 に 言っ たら そら 爆発 する て   ハゲ かて 同じ やろ ？   73 ： 名無し さん ＠ お腹 いっぱい 。 ： 2016 / 03 / 25 ( 金 )   00 : 21 : 18 . 29   . net   id :   >> 72   それ な   74 ： 名無し さん ＠ お腹 いっぱい 。 ： 2016 / 03 / 25 ( 金 )   00 : 22 : 36 . 96   . net   id :   また 髪 の 話し てる …   78 ： 名無し さん ＠ お腹 いっぱい 。 ： 2016 / 03 / 25 ( 金 )   00 : 37 : 03 . 42   . net   id :   5 千 円 ぐらい で すむ なら 俺 も 欲しい けど な   うち は 体外 受精 だ から 疑う 余地 は ない ん だ けど   まあ   表彰状 みたい な もん か な   79 ： 名無し さん ＠ お腹 いっぱい 。 ： 2016 / 03 / 25 ( 金 )   00 : 38 : 25 . 25   . net   id :   よほど 男 親 に そっくり とか で ない 限り 気 に なる かも な 。   83 ： 名無し さん ＠ お腹 いっぱい 。 ： 2016 / 03 / 25 ( 金 )   00 : 42 : 51 . 29   . net   id :   義務 化 すれ ば いい   93 ： 名無し さん ＠ お腹 いっぱい 。 ： 2016 / 03 / 25 ( 金 )   05 : 14 : 30 . 33   . net   id :   dna 鑑定 で 切れる 女 は やましい 事 し てる か 精神 が 未熟 って 事 で いい じゃん   男 から すれ ば ダウン症 か 調べる の と 同じ レベル な のに な   95 ： 名無し さん ＠ お腹 いっぱい 。 ： 2016 / 03 / 25 ( 金 )   06 : 09 : 15 . 93   . net   id :   子供 が 出来 たら 検査 し ない ？   子供 に し て みれ ば 正常 じゃ なきゃ 俺 産ん で もらえ ない の   あなた 達 の 子供 な のに 無条件 で 愛し て もらえ ない の って 話   あなた の 血 を 継い で なきゃ 子供 じゃ ない の   私 の 子供 な のに 無条件 で 愛し て もらえ ない の って の と どう 違う ？   女 から すれ ば 都合 が 悪い 事 は わかる が 義務 化 で いい   97 ： 名無し さん ＠ お腹 いっぱい 。 ： 2016 / 03 / 25 ( 金 )   06 : 33 : 37 . 80   . net   id :   鑑定 し たい なら   >> 58 の 言う よう に 妊娠 前 に 言え ば いい よ   私 も 結婚 する 時 に 旦那 に 「 目 に 見える わが子 の 証拠 って の を 眺め て ニヤニヤ し たい 」 と 言わ れ て オッケー し た よ   結婚 数 年 後 に 妊娠 出産 鑑定 を 経 て 、 確か に 結果 を 見 て ニヤニヤ し て た   つか 今 思い付い た けど これ なら 男性 たち が やたら 話題 に 出す 托 卵 の 予防 に も 繋がる ん じゃ ない ？   98 ： 名無し さん ＠ お腹 いっぱい 。 ： 2016 / 03 / 25 ( 金 )   06 : 42 : 16 . 66   . net   id :   子供 に 出産 前 診断 を 受け た こと を 言う か ？   嫁 に 断る から 話 が 拗れる ん だ よ   女 は 感情 の 生き物 な ん だ から 理解 を 求める の が 間違い   自分 の 子 で ある 事 を 早く 実感 し たい 気持ち は わかる   でも 女 じゃ ない ん だ から そこ は 少し 我慢 汁   101 ： 名無し さん ＠ お腹 いっぱい 。 ： 2016 / 03 / 25 ( 金 )   06 : 48 : 28 . 87   . net   id :   男 って 本当に 面倒臭い 生き物 ね ｗ   あー 、 つく ずく 女 で 良かっ た ！   だって 私 が 産ん だ 子供 は 誰 が 何と 言お う と 、 私 の 子供 で ある こと に 間違い ない ない の だ から ！   102 ： 名無し さん ＠ お腹 いっぱい 。 ： 2016 / 03 / 25 ( 金 )   06 : 52 : 35 . 95   . net   id :   出産 経験 者 なら 子供 が 産まれ た 直後 に 抱か さ れ なかっ た ？   それ する し ない だけ で その後 の 子供 へ の 愛情 が かなり 違う ん だって   男 に し て みれ ば dna 鑑定 が それ に 近い ん だ と 思う   鑑定 し て も いい けど 育児 ちゃんと 手伝っ て ね とか 言っ て み たら どう ？   105 ： 名無し さん ＠ お腹 いっぱい 。 ： 2016 / 03 / 25 ( 金 )   07 : 12 : 28 . 11   . net   id :   女 は 絶対 自分 の 子 だ から そもそも 認識 が 違う ん だ よ ね   鑑定 持掛け られ て ムッ と する 気持ち は わかる けど   それで 相手 に 怒鳴っ たり し ちゃう の は ちょっと 大人気 ない か な   夫婦 の 信頼 関係 も 足り て ない の かも ね   109 ： 名無し さん ＠ お腹 いっぱい 。 ： 2016 / 03 / 25 ( 金 )   07 : 22 : 19 . 77   . net   id :   dna 鑑定 し なきゃ なら ない くらい 信用 でき ない 相手 と 結婚 し た 意味 が わから ん   111 ： 名無し さん ＠ お腹 いっぱい 。 ： 2016 / 03 / 25 ( 金 )   07 : 29 : 47 . 74   . net   id :   >> 109   出来 た って 言わ れ て 責任 取る 人 も 居る し ね   131 ： 名無し さん ＠ お腹 いっぱい 。 ： 2016 / 03 / 25 ( 金 )   08 : 27 : 45 . 01   . net   id :   妊娠 前 に 言っ とく の が 一番 良い ね 。   託 卵 防止 に なる し 不幸 な 子供 が 少し でも 減り そう だ し 。   アクセス が 多い 人気 記事 ！   1 . 匿名 さん   2016 年 04 月 23 日   10 : 31   産後 の 病室 で 言う とか アホ すぎ 。   2 . 匿名 さん   2016 年 04 月 23 日   10 : 38   dna 鑑定 を 拒否 する の は うしろめたい 事 が ある から 。   3 . 名無し の ふよ ふよ 速報 。 さん   2016 年 04 月 23 日   11 : 03   浮気 を 疑っ て dna 鑑定 し たら 、 シロ で も クロ で も 結局 離婚 に なる かも ね   4 . 匿名 さん   2016 年 04 月 23 日   11 : 21   流石 に 病室 で いう の は 頭 おかしい と しか 言い様 が ない わ   後ろめたい こと が ある に しろ ない に しろ 失礼 に も ほど が ある で   5 . 名無し さん   2016 年 04 月 23 日   11 : 23   出張 で ものすごく 疲れ て 帰っ て き た 瞬間 に 「 浮気 し て ない よ ね ？ 携帯 見せ て 」 って 奥さん に 言わ れる   これ の もっと ひどい バージョン って 感じ か な   6 . 名無し の ふよ ふよ 速報 。 さん   2016 年 04 月 23 日   11 : 25   こういう スレ 読む と つくづく （ こちら が 正しい 文字 づか い ） 男 は 論理 的 で カッコイイ という の は ネタ な ん だ なあ と 思う ｗ   鼻 で 笑う ほど カッコ 悪い し 「 dna 鑑定 し ない ほう が 女 は 都合 いい かも しれ ん が 」 ってな ん だ よ ｗ 男 の 言う 論理 的 って この こと か よ ｗｗｗ   まあ 幸運 な の は この スレ で イキイキ し てる 奴ら が みんな 素人 童 帝 だ という こと だ な …   7 . 名無し の ふよ ふよ 速報 。 さん   2016 年 04 月 23 日   11 : 34   産後 病室 で 言わ れ たら 拒否 する 気 は なく とも ブチ 切れる だろ   頑張っ て 産ん だ 愛しい 子 を 前 に この バカ なに 言っ て ん だ ？ ！ って 、 やましい こと が ない から こそ 腹 が たつ ん じゃ ない ？   8 . 名無し さん   2016 年 04 月 23 日   11 : 37   子供 産まれる やいなや   「 浮気 し て ない か 証拠 出せ 」 って 言う の は   さすが に 鬼 だ と 思う わ   9 . 匿名 さん   2016 年 04 月 23 日   11 : 47   じゃあ 感情 論 抜き で dna 鑑定 を 拒否 する 理由 は 何 ？   10 . 名無し の ふよ ふよ 速報 。 さん   2016 年 04 月 23 日   12 : 00   11 . 匿名 さん   2016 年 04 月 23 日   12 : 07   いやいや 、 平常 時に 鑑定 拒否 られ て 文句 言う の は まだ わかる が 、 これ 産後 すぐ の 病室 で だろ ？   命がけ で 産ん で 疲れ 果て てる のに 労 わり の 言葉 も なく 鑑定 しよ う なんて 言わ れ たら そら ブチ 切れる わ 。   タイミング が 悪 すぎる だろ 。   12 . なし さん   2016 年 04 月 23 日   12 : 14   拒否 は し て ない じゃん 後 に やっ てる ん だ から   それ より やっと 証拠 が 産まれ て き た って 捉え られ て も おかしく ない 感じ だ ね   13 . 匿名 さん   2016 年 04 月 23 日   12 : 29   ハゲ と 同じ が 言い 得 て 妙 。   しかも 今回 の 問題 は 「 産後 すぐ 」 って とこ だろ 。 妻 の dna 鑑定 拒否 を 叩く の は お門違い です わ 。   14 . 匿名 さん   2016 年 04 月 23 日   12 : 31   よほど 怪しい の か と 思っ たら 普通 に 自分 の 子 とか   こんな ん ただ の キチガイ やん け   15 .… さん   2016 年 04 月 23 日   12 : 33   74 の ボソッ と 一言 が 面白い 。   無く なる もん は 無くなる ん だ から 気 に すん な 。   俺 が 結婚 し た の は 禿げ て から だ 。   16 . 匿名 さん   2016 年 04 月 23 日   12 : 39   タイミング 云々 は 置い て おい て 、 男 の 不安 な 思い を 女 は わから ん もん か ね   考え すら し ない の か な   17 . 匿名 さん   2016 年 04 月 23 日   13 : 08   産ん だ 女 の 身体 を 労 ら ない 男 が 、 心 を 労っ て もらえる はず が ない じゃん 。   タイミング は おい とい て っ て 、 面白い こと 言う ね   18 . 匿名 さん   2016 年 04 月 23 日   13 : 28   これ は ほんと タイミング 考えろ の 一言 に 尽きる 。 命懸け で 出産 し て 早々 に それ 言わ れ たら その 瞬間 に 旦那 へ の 愛情 ゲージ ゼロ に なる わ 。   19 . 匿名 さん   2016 年 04 月 23 日   13 : 48   話 を 切り出す 時 と 場合 は あれ かも しれ ない けど   鑑定 と その 催促 自体 は 別 に 問題 は 無い よ な   やましい こと が 無けりゃ 二つ返事 で 済ませれ ば いい こと だ し   20 . 匿名 さん   2016 年 04 月 23 日   13 : 49   あれ て す と   21 . 匿名 さん   2016 年 04 月 23 日   13 : 58   この 辺 は 、 個人 の 認識 の 違い で しか ない ん だ けど   「 dna 鑑定 しよ う 」 なんて 言う の は 、 「 浮気 を 疑っ て ます 」 って 宣言 する よう な もん だ と 思う な   22 . 名無し の ふよ ふよ 速報 。 さん   2016 年 04 月 23 日   14 : 31   うち は 嫁さん が 取り違え とか が あっ たら 恐い から って 自分 から dna 鑑定 しよ う って 言っ て き た よ 。 すぐ に 浮気 の 疑い と 直結 さ せる の は 流石 に 幼稚 と しか 言い様 が ない 。   23 . 匿名 さん   2016 年 04 月 23 日   14 : 52   どっち が 言い出し た の か 知ら ん が 、 子供 にとって も 親 にとって も 大事 な 時期 に 数 年 別居 とか ふざけ て ん の ？   この 件 に関して は デリカシー の 無い 夫 が 悪い けど 、 さすが に 別居 まで 行く と 別 問題   24 . 匿名 さん   2016 年 04 月 23 日   14 : 58   旦那 から dna 鑑定 しよ う って 言わ れ たら 、   じゃあ あなた が 浮気 し て 私 の こと を 裏切っ て い ない か 、   よそ に 隠し子 を こさえ て い ない か 調べ ましょ う   あなた は 平気 で 他人 を 裏切る よう な 卑怯 な 人間 かも しれ ない から って 言っ たら いい ん じゃ ない   dna 鑑定 しよ う って いう の は 、 おまえ は 俺 を 平気 で 裏切っ て 浮気 し て 、   よそ の 男 の 子供 を 俺 に 托 卵 しよ う と し てる 汚い 女 かも しれ ない から 調べ たい って 言っ てる の と 同じ だ から   25 . 匿名 さん   2016 年 04 月 23 日   15 : 00   感情 的 に なり やすい 女 を バカ に する 前 に 空気 の 読め ない やけ に 冷静 な その 部分 を どうにか しろ よ w それ に 何 ？ 俺 の 種 じゃ なかっ たら 母子 に 暴力 すん の ？ そして 離婚 すん の ？ そう やっ た として シングル マザー を 増やし て 片親 に 育て られ た 子供 を 2 ちゃん ねる で バカ に する の ？ 負 の 連鎖 だ ねぇ … …   26 . 匿名 さん   2016 年 04 月 23 日   15 : 01   でも 、 結局 こいつ は 託 卵 の 心配 し てる わけ だろ ？   なに も 疑わしい こと が なかっ た のに そういう 心配 を し て 、 結果 相手 を 傷つけ てる こと の 方 が よっぽど 幼稚 だ と 思う けど ね 笑   27 . 匿名 さん   2016 年 04 月 23 日   15 : 02   個人 の って 言わ れ てる のに わけ の わから ん キレ 方 する 奴 ｗ   28 . 匿名 さん   2016 年 04 月 23 日   15 : 37   それで 男 親 の 自覚 が より 出 て くる なら 別に いい ん じゃ ない の ？ 男 は 数値 を 見 て 認識 する 生き物 だ から な 。 別 に 疑わ れ てる とか 思わ ない 。   29 . 匿名 さん   2016 年 04 月 23 日   15 : 54   なんで 拒否 し た の ？ 理由 は ？   30 . 匿名 さん   2016 年 04 月 23 日   17 : 03   さすが に キレ る 女 が 悪い   31 . 匿名 さん   2016 年 04 月 23 日   18 : 12   拒否 し た 理由 は なん な の ？   また 感情 論 ？ ヒステリー ？   32 . 匿名 さん   2016 年 04 月 23 日   18 : 42   ※ 31 産後 は ヒス に なる ん だ よ ね 、 生まれる 前 に 適当 に オブラート 2 、 3 枚 くらい 包ん だ 物言い で 伝え ん と いかん の よ 、 クソ 面倒 だ が 。   33 . 匿名 さん   2016 年 04 月 23 日   20 : 17   ニュアンス として は 性病 検査 に 少し 近い   相手 を 疑う とか じゃ なく て 確認 を とっ て 安心 し たい ん だ よ   疑わ れ た と 感じ た って の は 分かっ た から 、 それ を そのまま 旦那 の 意思 みたい に 扱う の は 止め て くれ   34 . 匿名 さん   2016 年 04 月 24 日   00 : 28   マイナス ばっかり 押し て ない で 、   感情 論 以外 の 明確 な 理由 を 教え て よ 。   35 . 匿名 さん   2016 年 04 月 24 日   10 : 45   ドヤ 顔 で 感情 論 ？ とか 言っ てる 連中 が 多く て 草   誰 か に 教え て もらわ ない と 、 どうして 相手 が 怒る の か も わから ない の ？   生き て て も 他人 に 迷惑 しか かけ な さ そう   36 . 匿名 さん   2016 年 04 月 24 日   12 : 27   結婚 生活 は 信頼 関係 が 重要 な のに 、 夫 から 信用 さ れ て ない こと が わかる 発言 で 、 まず 怒り を 覚える 。 鑑定 を 拒否 する の は 、 いま まで の 自分 を 否定 さ れ た よう に 感じる から 夫 の 意見 を 取り入れ たく ない から だろ 。   37 . 匿名 さん   2016 年 04 月 24 日   13 : 20   やましい 事 が なけれ ば 拒否 する 理由 が ない じゃん 。   拒否 し た の は 何 か やましい 事 が あっ た から じゃ ない の ？   38 . 匿名 さん   2016 年 04 月 24 日   14 : 07   それだけ 相手 を 信用 し て ない ん だっ たら 自分 も また 信用 さ れ ない わけ で   39 . 匿名 さん   2016 年 04 月 24 日   17 : 45   男 の 方 が 、 一 歩 間違えれ ば 悪い 方 に とら れ かね ない デリケート な 件 を 、 タイミング も 図ら ず に 発言 する 空気 の 読め ない 奴 だ から じゃ ねー の   40 . 匿名 さん   2016 年 04 月 24 日   18 : 36   「 生まれ たら 、 病気 とか 持っ て ない か 、 dna 鑑定 し て おこ う ねー 」   っていう よう に し たい 。   41 . 匿名 さん   2016 年 04 月 24 日   23 : 34   嫁 が 感情 的 に 怒っ たって 言っ てる やつ が いる が   夫 が 状況 も 考え ず に 感情 的 に dna 鑑定 言い出し た の が 一番 の 問題 だろ   42 . 匿名 さん   2016 年 04 月 24 日   23 : 37   義務 化 すれ ば いい だろ 。 安心 は 少子化 対策 の 一 歩 だ 。   43 . 匿名 さん   2016 年 04 月 25 日   08 : 40   は ？ 感情 的 に dna 鑑定 ？ ｗｗｗ   dna 鑑定 は 病気 の 可能 性 や 、 取り違え の 確認 とか 色々 ある から やっ て おい て 損 は ない と 思う ん です が ｗｗｗ   逆 に なん で そんなに 怒っ て ん の ？ ｗｗｗ   怒っ た 理由 を 教え て よ ｗｗｗ   44 . 匿名 さん   2016 年 04 月 25 日   13 : 09   感情 論 以外 の 答え が 分かっ てる なら 教え て よ 。   分かっ てる ん でしょ ？ なんで 答え ない の ？   もしかして 分から ない のに ドヤ 顔 し てる の ？   45 . 匿名 さん   2016 年 04 月 25 日   18 : 31   dna 鑑定 に対して 怒っ た こと による 正当 性 も   唱え られ ない くせ に dna 鑑定 を 叩い てる 連中 が 多い ん だ な 。   46 . 匿名 さん   2016 年 04 月 25 日   18 : 52   なん で 怒っ てる の か 理解 でき ない 奴 は さ 、 ※ 5 の 例え を 読ん で どう 思う ？   家族 の 為 に 頑張っ た のに 、 会う なり 浮気 を 疑わ れ たら 頭 に こ ない ？ まずは 「 おかえり 」 「 疲れ た でしょ う 、 ゆっくり 休ん で 」 とか 言え ない の か って 思わ ない ？   どうしても dna 鑑定 が し たい ん だっ たら 、 言い方 と タイミング を 考えろ って 皆 言っ てる ん だ よ   47 . 匿名 さん   2016 年 04 月 25 日   21 : 52   子供 「 テスト で 満点 取っ た ！ ！ 」   親 「 本当に 満点 ？ カンニング じゃ ない ？ 先生 に 確認 する 」   48 . 匿名 さん   2016 年 04 月 26 日   08 : 16   これ ね 、 もし 旦那 が キメラ だっ たら 実子 で も dna 一致 し ない の   義務 化 義務 化 うるさい 人 いる けど   何 も 疑い の ない 夫婦 の 幸せ を 壊す 原因 に も なる ん だ よ   疑い たい やつ だけ が 金 を 払っ て やりゃ いい ん だ よ   49 . 匿名 さん   2016 年 04 月 26 日   09 : 36   托 卵 って 知っ てる ？   50 . 匿名 さん   2016 年 04 月 26 日   09 : 41   「 dna 鑑定 の 結果 、 息子 は 俺 の 子 じゃ なかっ た 」 って 記事 知っ てる ？   dna 鑑定 し ない と 解ら ない こと が ある ん だ よ ？   信頼 し て 何 年 も 愛 を 注い だ 結果 、 自分 と は 血 が 繋がっ て なかっ た って こと が 起き てる の 。   え 、 見 て 見 ぬ ふり ？ あっ そう 。 。 。   51 . 匿名 さん   2016 年 04 月 26 日   09 : 52   何 の 疑い も ない ？ 誰 が 証明 する の ？   52 . 匿名 さん   2016 年 04 月 26 日   11 : 14   バカ か テメー は 、 自分 の 子 じゃ なきゃ 叩か れ て 当然 だろ 。   少子化 を 盾 に すれ ば 托 卵 も 許さ れる と 思っ て ん の か ボケ 。   53 . 匿名 さん   2016 年 04 月 26 日   12 : 18   じゃあ 男性 も 隠し子 が いる かも しれ ない から 浮気 調査 し ない と ね 、 托 卵 ガー と 騒い でる 男性 は もちろん いつ でも 快く 了解 し て くれる よ ね ？   54 . 匿名 さん   2016 年 04 月 26 日   19 : 52   55 . 匿名 さん   2016 年 04 月 26 日   19 : 53   疚しい こと が なけれ ば 断る 理由 が ない   56 . 匿名 さん   2016 年 04 月 26 日   23 : 10   あなた 達 は 器 の 大きい 人 だ   奥さん に 浮気 を 疑わ れ て も 、 店 で 万引き を 疑わ れ て も 、 電車 で 痴漢 と 疑わ れ て も 疚しい 事 が なけれ ば 笑顔 で 許せる なんて 素晴らしい と 思う   でも 世の中 に は あなた 達 と 違っ て あら ぬ 疑い を かけ られる 事 で 気分 を 害する 人 が 多い ん だ よ   人 を 疑う 時 は 慎重 に する って 事 を 知っ て ほしい   57 . 匿名 さん   2016 年 04 月 26 日   23 : 13   「 やましい 事 が なかっ たら 鑑定 しろ って 言わ れ て も 気分 悪く なら ない でしょ 」   って 言っ てる 殿方 は 、 通勤 電車 で クソ う ざい jk に 痴漢 冤罪 かけ られ て も   「 やましい 事 は ない ん だ から 、 最終 的 に 疑惑 が 晴れれ ば 疑わ れ て も 気分 悪く ない 」   って 言える ん ？   「 託 卵 さ れ たら 最悪 だ から 鑑定 し て 」 と 言わ れ たら 自分 も キレ る けど   スレ 97 の 夫 みたい な 言い方 だっ たら 快諾 できる 。   鑑定 し たい 派 の 人 は せめて 本音 は どう あれ 言い方 を 熟慮 し た 方 が いい よ   どちら に しろ 、 鑑定 の 業者 の 方 で 取り違え や ミス が あっ た とか で   事実 で は ない 鑑定 結果 が 出る 事 も ゼロ じゃ ない から   そこ は 注意 し た 方 が いい と 思う   58 . 匿名 さん   2016 年 04 月 26 日   23 : 22   「 託 卵 さ れ たら 最悪 だ から 鑑定 し て 」 と 言わ れ たら 自分 も 怒る けど   59 . 匿名 さん   2016 年 04 月 26 日   23 : 26   そう 頻繁 に ある 事 じゃ ない けど   例えば 「 本人 の 血液 や 体 組織 の dna と 生殖 細胞 の dna が 違う 」 みたい な ケース が   実際 に 稀 に 存在 する の よ 。   これ 系 の まとめ で 「 生まれ た 子 の 血液 型 に 疑問 が あっ た ので 鑑定 し たら 、   なぜ か 『 父親 の 子 だ けど 母親 の 子 で は ない ( ただし 母親 と 血縁 関係 は ある )』   という 結果 が 出 た 」 みたい な 話 が あっ て な 。   真相 は 、 母親 が 上記 みたい な 特殊 体質 の 持ち主 だっ た という オチ だっ た   60 . 匿名 さん   2016 年 04 月 27 日   12 : 36   俺 は 産声 聞い た だけ で   俺 の 子 だって 確信 出来 た で   俺 の 声質 と そっくり   61 . 匿名 さん   2016 年 04 月 27 日   22 : 54   よほど ブサイク な 産声 やっ た ん やろ なぁ   62 . 匿名 さん   2016 年 04 月 28 日   07 : 38   dna 鑑定 を 法律 で 義務付けれ ば いい   63 . 匿名 さん   2016 年 04 月 28 日   15 : 03   痴漢 冤罪 は 犯罪 だ けど 、 dna 鑑定 は 犯罪 じゃ あり ませ ん 。   そんな 事 も 分から なく なっ た の か マヌケ 。   64 . 名無し の ふよ ふよ 速報 。 さん   2016 年 04 月 28 日   21 : 24   ※ 58 の いっ てる 意味 も 理解 でき ない の か ？   痴漢 冤罪 は 例え で あっ て 、 どんな あら ぬ 疑い を 掛け られ て も 結果 的 に 疑い が 晴れれ ば 笑っ て 許せる の か って 事 が 言い たい の で あっ て 、 犯罪 か 犯罪 じゃ ない か なんて 関係 ない ん だ よ マヌケ 。   65 . 匿名 さん   2016 年 04 月 29 日   07 : 39   http :// huyosoku . com / archives / 85852 . html   やはり dna 鑑定 は 義務 化 す べき です ね 。   嫌 な 思い を する ？   疑い も し なかっ た のに 後で 托 卵 だ と わかっ て   嫌 な 思い も 注い だ 愛情 も 金 も 労力 も 無駄 に なる 人 も いる ん です よ 。   66 . 匿名 さん   2016 年 04 月 29 日   09 : 05   数 年 別居 し てる 間 に 嫁 は 隠蔽 工作 し て た の か な 。   67 . な なし さん   2016 年 04 月 30 日   02 : 43   パートナー に 浮気 さ れ た こと も ある 。 だけど 好き だ から 許し た 。   あなた より 好き な 人 が でき た と 言わ れ た こと も ある 。 それでも 好き だ から 一緒 に 居 たい と 言っ た 。   一 度 は 本気 で 捨て られ かけ て 死の う と し た こと も ある 。 でも 冷め やすい 君 が 、 ふと 戻り たく なっ た とき に 帰る 場所 が なくなっ て しまう から と 我慢 し て 耐え た 。   今 が 幸せ か は 分から ない けど 将来 子供 が 出来 たら 僕 は 子供 の dna 鑑定 は し たい 。 僕 にとって 妻 へ の 愛情 と   信頼 は 別 の ところ に ある から 。   68 . 匿名 さん   2016 年 04 月 30 日   03 : 24   dna 鑑定 に 反対 し てる の は 、 女性 だけ だ と 思っ てる ？ \u3000 托 卵 を 企ん だ 場合 、   女 「 だけ 」 で は 托 卵 出来 ない ん だ わ 。 常に 間男 （ 真 の 父親 ） が 居る 訳 よ 。   何故か 「 dna 鑑定 の 義務 化 」 を 喚く 男 連中 は 、 反対 者 は 「 女 だけ 」 だ と   信じ込ん でる よう だ けど 、 真 の 敵 は 間男 だ ぞ 。 忘れる な よ ？ \u3000 浮気 女 の   数 だけ 、 その お 相手 の 間男 が 存在 する ん だって こと を 。   69 . 匿名 さん   2016 年 04 月 30 日   11 : 49   父親 が 安心 する 為 に ｄｎａ 鑑定 を し たい 気持ち は 分かる けど 、 産後 直後 って 酷い と 思う 。 やましい 事 一切 無く て も 旦那 に 絶望 する わ 。   70 . 匿名 さん   2016 年 05 月 01 日   11 : 26   痴漢 冤罪 も 告発 人 が 純粋 に 信じ て 、 この 人 かも しれ ない と 疑い かける だけ なら 犯罪 じゃ ねー よ ｗ 馬鹿 な の ？ ｗ   無実 の 相手 を 嘘 の 証言 で もっ て 故意 に 加害 者 に 仕立て 上げ たら 捕まる だけ   ただ 民事 で 訴え られ たら 、 相手 の 名誉 回復 と 相応 の 慰謝 料 は 要求 さ れる   ｄｎａ 鑑定 の 要求 も 言葉 が 過ぎれ ば 侮辱 罪 やら ｄｖ に なる よ   仕事 で 疲れ てる とき に 浮気 の 証拠 を 出せ と 責め て 、 夫 が 体調 崩し たら ｄｖ な の と 一緒 。   ｄｎａ 鑑定 の 要求 が 犯罪 で は ない なら 、 それ を 拒否 する の も 犯罪 で は ない 。 また 自分 に 不当 な 疑い を かける 夫 に 愛想 を つかし て 離婚 する の も 妻 の 権利 。 男 が 言っ てる 感情 論 は 、 自分 の 思い 通り に なら ない 妻 の 人格 を 否定 する こと で 、 自分 たち の 疚し さ を 消し て 正当 性 を 主張 し てる だけ に しか 見え ない 。 女 の いう 器 の デカ い 男 と 何 が ちがう の か 。 配偶 者 は 都合 の いい 人形 じゃ ない 。 安心 し たい が ため に 、 また 損 を し たく ない ため に に 相手 に いろんな こと を 要求 する こと 自体 は あり で も 、 向こう が 嫌 に なっ たら 終わり っていう 人間 関係 の 初歩 が 分かっ て ない やつ 多 すぎ   71 . 匿名 さん   2016 年 05 月 01 日   13 : 54   女 よく て 男 は ダメ って 言っ てる 頭 の 悪い 人 の 典型 だ ね 。   そんな 人 が 人間 関係 の 初歩 ？   フェミニスト の 初歩 の 間違い じゃ ない の ？   72 . 匿名 さん   2016 年 05 月 01 日   21 : 25   つく ずく ｗｗｗｗｗｗｗｗｗｗｗｗ   73 .\u3000 さん   2016 年 05 月 03 日   10 : 02   托 卵 とか 言っ てる 奴 は 、 「 浮気 する かも しれ ない 女 」 と 結婚 する 気 な の か ？   そんなに 信用 でき ない 女 と よく 結婚 する 気 に なる よ な w   74 . 匿名 さん   2016 年 05 月 03 日   10 : 07   ドーテー 君 たち が 顔 真っ赤 に し て 頑張っ てる なぁ   家族 だろ う が 他人 だろ う が 人間 関係 上手く やり たい なら 言い方 に 気 を つけろ って こと だろ   ﾄﾞﾔｧ っ てる 場合 じゃ ねぇ よ ｗ アホ か ｗｗｗ   現時点 で まだ 認識 として は 「 dna 鑑定 = 本当に 俺 の 子 か と 疑う 」 の が   世間 一般 に 広まっ てる 認識 だ と 思う から   もうちょい 未来 で は 理由 なく やれる よう に なっ てる かも ねぇ   何 時間 も 陣痛 耐え て 耐え て ﾀﾋ ぬ 思い し て 産ん で 一 安心 し て 旦那 が 来 て   生まれ た よ 顔 見 て あげ て ！ と 思っ た 瞬間 に 旦那 から そんな こと 言わ れりゃ 、   真顔 に も なる わな …   立ち合い し た 方 が よかっ た ん じゃ ない の この 旦那 …   75 . 匿名 さん   2016 年 05 月 03 日   11 : 44   仕事 っていう か 、 単身 赴任 レベル だ よ ね   やっと 家族 の 待つ 家 に 帰っ て き た と 思っ たら 労 わり の 言葉 の 前 に 疑わ れ て さ   何 の ため に 頑張っ て き た ん だろ う … って 虚しく なる と 思う けど なあ   76 . 匿名 さん   2016 年 05 月 03 日   16 : 39   dna 鑑定 で 遺伝 性 の 病気 とか なんとか わかっ て   小さい うち から 対処 できる とか なんとか どこ か で 聞い た から   調べ て おき たい   とか 言っ て やりゃ いい のに 。   77 . 名無し の ふよ ふよ 速報 。 さん   2016 年 05 月 04 日   21 : 57   やっ て も いい けど 、 旦那 も 浮気 し て ない 証拠 を 取ら せ て もらい たい わ 。   女 は 託 卵 って 揺ぎ 無い 証拠 が ある （ 場合 も ある ） けど 、 男 なんて 外 で やっ て 素知らぬ 顔 で 戻っ て 来 て も わか ん ない もん ね 。   78 . 匿名 さん   2016 年 05 月 05 日   08 : 02   托 卵 が 判明 し たら 死刑 に なる なら 、 dna 鑑定 も なく て いい よ 。   79 . 名無し の ふよ ふよ 速報 。 さん   2016 年 05 月 05 日   09 : 07   なんで そんな 信用 でき ない 女 孕ま し てん の ？   80 . 名無し さん さん   2016 年 05 月 05 日   16 : 54   嫁 が 信用 でき ない ん じゃ なく て 、 自分 に 自身 が 持て ない ん だ よ 。   dna 検査 を し て 自分 の 子供 という 自信 が 持てる って 人 だって いる さ   もしくは テレビ とか ネット で 託 卵 の 話題 とか あり まくる ので 、 不安 に なる 人 は いる ん じゃ ね ？   女性 だって 旦那 の 出張 や 単身 赴任 で 浮気 を ～ という 話 を 聞き まくっ て たら 不安 に なる 人 も いる ん じゃ ね ？   一方 的 に 「 浮気 を 疑っ て いる ！ ！ 」 という の は なんか ちょっと 短絡 的 すぎる 気 が する   見え ない もの を 信じる られる 人 も いる けど   そう じゃ ない 人 だって いる ん だ し 。   81 . 匿名 さん   2016 年 05 月 06 日   13 : 34   しんどい 苦しい 思い し て やっと 産み 終わっ て   やれやれ ホッ と し つつ 脱力 し てる 時 に それ は 無い だろ う   ってか 、 やり たきゃ 嫁 に 黙っ て やりゃ 良く ね ？   綿棒 で 口 ん 中 チョイチョイ する だけ だろ ？   赤 ん ぼ と 自分 だけ やる ん だ から 、 嫁 に 言う 必要 は 無い   82 . 匿名 さん   2016 年 05 月 06 日   17 : 52   スゲーブス だ から 托 卵 の 心配 だけ は 無い と 自他 とも に 認め て いる ん で も もと 鑑定 は やら ない 予定 で い た 。 実際 生まれ て み たら 顔 が 旦那 に そっくり 過ぎ て ワロタ ｗ   83 . な なし さん   2016 年 05 月 07 日   01 : 09   不安 な 男 の 気持ち を わか れ って 言う 男 は 、 命懸け で 産ん だ 子供 の 存在 と 自分 の 浮気 を 同時に 疑わ れる 女 の 気持ち も わから ん よ な ？ なんで 一方 的 な 理解 を 求める の よ   怪しけれ ば 鑑定 も 已 む 無し と 思う し 言い方 や タイミング を 考え てれ ば 理解 も できる かも しれ ん が 、 少なくとも この ケース で は 理解 でき ない   やましい こと ない のに なんで 拒否 すん の ？ って こんな もん やましい こと し て なかっ たら サツイ 抱く レベル で 腹立つ に 決まっ とる やろ   拒否 じゃ なく て 怒り 、 話 持ち出さ れ た 時点 で 100 年 の 愛 も 覚める わ ( もちろん 自分 が シロ でも 紛らわしい 行動 し て たら しゃあない が )   84 . な なし さん   2016 年 05 月 07 日   01 : 24   と 、 思っ た けど ※ 33 見 たら 少し 意味 わかっ た か な   ※ 33 に 基づい て 『 99 . 9 ％ 大丈夫 と わかっ て は いる が 、 男 は 女 と 違っ て 自分 の 腹 で 産め ない ので 100 ％ の 確証 は 持て ない 。 それ を 持つ ため に 鑑定 を さ せ て ほしい 』 とか 言わ れれ ば まぁ まだ 受け入れ られる か な   でも ネット や 芸能 ニュース で 見る ほど 託 卵 て ありふれ た 事象 で は 断じて なく とても 奇特 な こと だ から 、 そんな 希少 事例 を 0 . 1 ％ でも 疑う よう な 相手 と は 結婚 し ない 方 が いい よ と も やっぱり 思う   85 . 匿名 さん   2016 年 05 月 07 日   17 : 13   たとえば 職場 とか 空港 とか 、 手荷物 検査 が ある って 知っ て たり 出入り する 人 全員 に 手荷物 検査 やっ て たら 自分 の カバン を 開い て 見せる 行為 について なんとも 思わ ない 。   でも お 店 で 怪しい こと も し て ない のに 急 に 店員 に カバン 見せろ ！ やましく ない なら 出来る はず だ ！ と 疑わ れ た として 、 疑い が 晴れ て も また その 店 に 行き たい と は 思わ ない 。   未婚 の 女 だ けど 自分 の dna 検査 の 印象 は こんな 感じ だ な 。 検査 自体 は かまわ ない 。 しかし 根拠 なく 疑わ れ て 、 潔白 だっ た から 家族 三 人 で 仲良く 暮らそ う と 言わ れ て も 嫌悪 感 が 残る 。   86 . 匿名 さん   2016 年 05 月 07 日   23 : 54   産後 は 体力 、 精神 とも に 消耗 し てる ん だ から 刺激 する の は 駄目 だ わ   87 . 匿名 さん   2016 年 05 月 10 日   18 : 53   「 職場 で 『 dna 鑑定 は 法律 で 義務 化 する べき 』 と 言い 出し た の が 嫌わ れ 者 の ブサ 独 男 達 で 、   『 そんな の 必要 ない よ 』 と 明るく 笑っ た の が 老若男女 に 好か れる 既婚 者 メンバー だっ た 」   という コメント を どっか で 読ん だ こと が ある 。   88 . 匿名 さん   2016 年 05 月 10 日   20 : 13   何 の 根拠 も なく 疑っ て かかる の は 自分 が やましい こと し てる から だろ   89 . 匿名 さん   2016 年 05 月 11 日   15 : 35   dna 鑑定 で 父子 の 間 に 親子 関係 が ない の って 3 割 だ か 4 割 って テレビ で 見 た   元々 浮気 を 疑っ てる 人 が 鑑定 する から それ ぐらい の 割合 が 出る の か いろんな 男 と ズッコンバッコン し てる 女性 が 多い の か どっち な ん だろ う ね   90 . 匿名 さん   2016 年 05 月 12 日   05 : 09   dna 鑑定 義務 化 し たら 、 托 卵 男 も 托 卵 女 も 困る だろ う な 。   91 . 匿名 さん   2016 年 05 月 12 日   05 : 12   托 卵 女 ども が 擁護 し まくっ てる な ｗ   論点 ずらし てる 意見 も 多い し 。   92 . 名無し の ふよ ふよ 速報 。 さん   2016 年 05 月 13 日   21 : 10   義務 化 すりゃ あ いい ん だ よ   義務 なら 女 の ほう も 蟠り が ない   でも 義務 じゃ ない 今 は どんな 言い方 し て も   「 お前 托 卵 し てる クソ 女 かも しれ ん から 調べ させろ 」 って こと に なっ て しまう   93 . 匿名 さん   2016 年 05 月 13 日   22 : 02   義務 化 なんぞ 、 ヤリ 逃げ ・ 托 卵 し たい 男 ども が 必死 に なっ て 潰す に 決まっ てん じゃん 。   結局 ※ 68 の 書い てる 通り よ 。   94 . 匿名 さん   2016 年 05 月 13 日   23 : 03   > 托 卵 男   托 卵 の 意味 分かっ てる ？ ？ ？ ？   95 . 匿名 さん   2016 年 05 月 13 日   23 : 04   そんな 偏見 に まみれ た コメント で 納得 し ちゃう ほど 薄っぺら い 意識 し て ん だ な ｗ   96 . 匿名 さん   2016 年 05 月 15 日   12 : 09   何人 も 言っ てる けど 、 出産 直後 の 病室 で 言う の が 問題 。   他 に 言う こと ある だろ 。   「 dna 鑑定 しよ う 」 って 言わ れ たら 、 やましい 事 なく て も 嫁 が いい 気 は し ない の が 分から ない の か ？   感情 論 云々 言っ て 、 はい 論破 〜 みたい に ドヤ 顔 し てる やつ は 、 他人 の 気持ち を 想像 し たり 出来 ない の ?   まぁ 報告 者 も 言っ てる けど 、 早い タイミング で 何故 やり たい か きちん と 嫁 に 伝え て おけ ば いい と 思う 。   あと 、 dna 鑑定 で 病気 が わかる とか 言っ てる やつ おる けど 、 dna 鑑定 と 染色 体 検査 は 別 だ と 思う ぞ 。   97 . 匿名 さん   2016 年 05 月 15 日   19 : 00   なん でも 嫁 に 許可 とっ て ん だ よ ！ 頭 悪 すぎ 。   だまっ て 綿棒 を 子供 の 口 に 突っ込め ば いい だけ 。   あと ｄｎａ 検査 する の は 出産 前 に も 言わ ない こと 。   万が一 、 托 卵 なら 産ん だ あと の ほう が 地獄 に 落とせる から な 。   回避 の 機会 を 嫁 に やる 必要 なんて ない 。   98 . 匿名 さん   2016 年 05 月 15 日   23 : 18   dna 鑑定 する こと は 問題 で は ない と 思う ん だ けど なー   女 は 自分 で 子供 を 産ん だ の だ から 確実 に 自分 の 子供 だ けど 、 男 は 100 % 自分 の 子供 だ と は 言い 切れ ない から ね 。   義務 化 すれ ば 手っ取り早い けど 、 今 の 政治 家 に は 期待 でき ない し 。   99 . 匿名 さん さん   2016 年 05 月 17 日   16 : 03   男 から すれ ば 托 卵 は 浮気 さ れ た 上 で 二 重 ダメージ を 受ける 屈辱 以外 の なに もの で も ない から な ( 子 コロ し 事件 も 大概 そういう の が きっかけ ) それ を わかっ て い て やっ てる の が 女 ( 女 は 感情 の 生き物 で 拒絶 時 は 半端 ない から 強 ● さ れ て の 妊娠 は まず ない )   ※ ５ の 例え を 出さ れ て も 托 卵 と 状況 は 明らか に 違う もの だ し 女 の 出す 例 え は 頓珍漢 レベル の もの ばかり で 浮気 し て も 「 寂しかっ た から 」 で 言い訳 し て 被害 者 面する よう な もの だ から 信用 なんて 基本 ない 動物   少年 時代 に コロ し やっ た 奴 の ガキ を 産 むようなのもいるくらいだからな 横 の 繋がり が 強い 女 は 惚ける だろ う けど ｗ   100 . 匿名 さん さん   2016 年 05 月 17 日   16 : 26   男 から すれ ば 托 卵 は 浮気 さ れ た 上 で 二 重 ダメージ を 受ける 屈辱 以外 の なに もの で も ない から な ( 子 コ ■ し 事件 も 大概 そういう の が きっかけ ) それ を わかっ て い て やっ てる の が 女 ( 女 は 感情 の 生き物 で 拒絶 時 は 半端 ない から 強 ● さ れ て の 妊娠 は まず ない )\u3000※ ５ の 例え を 出さ れ て も 托 卵 と 状況 は 明らか に 違う もの だ し 女 の 出す 例 え は 見当 違い レベル の もの ばかり で 浮気 し て も 「 寂しかっ た から 」 で 言い訳 し て 被害 者 面する よう な もの だ から 信用 なんて 基本 ない 動物 \u3000 少年 時代 に コ ■ し やっ た 奴 の 餓鬼 を 産 むようなのもいるくらいだからな 横 の 繋がり が 強い 女 は 惚ける だろ う けど   101 . 匿名 さん   2016 年 05 月 18 日   03 : 32   今時 取り違え なんて なく ね ？ すぐ バンド 付け られる の に どう 間違える ん だ ？   dna 鑑定 で 病気 が わかる とか 本気 で 言っ てる ん だろ う か   dna 鑑定 自体 自分 が 安心 し たい から 、 子供 を 持っ た 実感 を 持ち たい から って 感情 論 な くせ に 感情 論 以外 で 反対 する 理由 は ？ って 言わ れ て も   102 . 匿名 さん   2016 年 05 月 21 日   02 : 49   ここ 以外 で も よく 見る けど 、 女 は 感情 論 () と レッテル を 貼る こと で 優位 に 立と う と する 連中 ほど   言っ てる こと が 男 視点 の 感情 論 ばかり な 状況 に いつも 苦笑 し て しまう な ・ ・ ・   別に 責め てる 訳 で は なく 、 男 だって 感情 が ある ん だ から 不安 に なっ て も おかしく は ない し   同様 に 女 も 身 に 覚え の ない 疑い かけ られ たら 信頼 関係 に は 亀裂 が 入る わ で   お互い の 感情 の 存在 を 認め ない と 議論 が 進ま ない と 思う ん だ が   103 . 匿名 さん   2016 年 05 月 22 日   11 : 11   妻 に 浮気 さ れ た って 、 男 に 貢ぎ さえ し なきゃ 金銭 的 な 損失 は ない し 、 家事 を サボら れ て も 浮気 と は 別 問題   託 卵 で 出来 た 子供 が 普通 より 金 が かかっ たり 出来 が 悪かっ たり する こと も ない   つまり 感情 を 抜き に すれ ば 託 卵 によって 男 が 損する こと は 何 も ない わけ   託 卵 疑惑 が 嫌 な の を 感情 論 だ と 言っ て 女 叩き する 奴 に は 、 託 卵 が 嫌 だって 感情 論 を 掲げる 資格 すら ない わけ だ ね   104 . 匿名 さん   2016 年 05 月 23 日   17 : 57   え ？ ｗ ばか な の ？ ｗ   自分 の 子供 じゃ なきゃ 養育 し ない と いけ ない 義務 は ない だろ ｗ   出す 必要 の ない 金 を 出す の は 損 だろ 、 どう 考え て も ｗｗｗ   105 . 匿名 さん   2016 年 05 月 27 日   20 : 05   「 お前 って 結婚 し て て も 陰 で こそこそ ほか の 男 を 加え こん で その 子供 を 孕ん だ クサレビ ○ チ かも しれ ない ん だ よ ね 、 違う って の なら 証明 し て 見せろ よ 」 （ dna 鑑定 しよ う ）   よく 職 質 で 何 も し て ない のに 不審 者 犯罪 者 扱い さ れ たっ て 切れる 書き込み が ある けど 同じ だろ   106 . 匿名 さん   2016 年 05 月 30 日   20 : 59   駒田 で さえ お 疲れ という ねぎらい の 言葉 を かけ た と いう のに 、 こいつ は それ すら でき なかっ た の か 。   浮気 し て ない 証明 って の は でき ない ん だ から 、 鑑定 結果 が シロ で も 偶々 シロ だっ た だけ で 本当は 他 の 男 と 何 度 も ヤ って ん だろ って 思っ て ます よ ！ って 言っ てん の と 同じ 。   不安 なら 出産 前 に 病気 が 心配 だ から 検査 しよ う って 言え ば いい だけ の こと 。   しかし 不安 に なっ た 時点 で その 夫婦 の 信頼 関係 は ダメ に なっ てる ん だ から 、 心 の 平安 を 得る に は 離婚 しか ない と いう 。   107 . 匿名 さん   2016 年 05 月 31 日   02 : 59   それ 、 dna 鑑定 に 持ち込ま れ た 内 の ３ ～ ４ 割 な   出産 総数 の ３ ～ ４ 割り じゃ ねー ん だ わ   108 . 匿名 さん   2016 年 06 月 01 日   14 : 12   本気 で 考え てる ん だっ たら 脳 に 何 か 欠陥 で も ある 人 な の と 違う か な 、 ※ 103 は   109 . 匿名 さん   2016 年 06 月 01 日   16 : 02   dna 鑑定 で 親子 関係 が 証明 さ れ た 家族 は 国 から ３ ０ 万 円 プレゼント ！ って やれ ば 托 卵 なく なる ん じゃ ない の ？   110 . 匿名 さん   2016 年 06 月 03 日   03 : 25   女 は 感情 論 で 騒ぐ とか 言っ とき ながら 安心 し たい 、 確信 が 欲しい って 自分 こそ 感情 論 じゃ ねー か よ …   やっぱり 男 に は 共感 し て ・ 察し て っ て の が 無理 って わか ん だ ね 。   そん で 出産 を 出張 とか 単身 赴任 に 例える の も どう か ね ？   バカ だ から 勘違い する ん じゃ ない ？ なん だ 楽勝 じゃー ん て 。   10 ヵ月 も イレギュラー な 状態 で 胎児 守る 為 に 色々 犠牲 に し て 、 やっと 出産 って なっ たら ポン ！ て 出 て くるん じゃ ねー ん だ ぞ ？   長い 人 なら まる 2 日 とか 陣痛 あっ たり すん だ ぞ ？   陣痛 の 痛み も わか ん ない だろ う けど さ …   麻酔 なし で まんま ん ちょんぎら れ ん だ ぞ ？   自分 の 命 削っ て 生ん でる の を 分かっ て て こういう こと 言える なら まじ で アスペ とか 人格 障害 じゃ ない ？   111 . 匿名 さん   2016 年 06 月 03 日   03 : 47   dna 鑑定 を し た がる の は 自分 の 奥さん を 信用 し て ない から 。   そりゃ し て ない のに 浮気 を 疑わ れ たら 奥さん 怒る だろ 。 怒っ て 当然 だろ 。   112 . 匿名 さん   2016 年 06 月 03 日   07 : 13   例えば だけど 妻 と 子 の 為 に 四 六 時 中 働い てる のに   あなた 本当に ちゃんと 働い てる の ？ 会社 に 確認 し に 行っ て いい よ ね ？ って 言わ れ て にこにこ と 我慢 出来る の ？   113 . 匿名 さん   2016 年 06 月 03 日   15 : 43   波風 たて ず に dna 鑑定 し たい やつ は 、 黙っ て 勝手 に やれ ば いい 。   いちいち バカ 正直 に 言う 方 が おかしい 。   「 dna 検査 しよ う 」 って 言っ て 相手 を 不快 に さ せ たい だけ 。   義務 化 義務 化 騒い でる 奴 は 、 その 金 全部 負担 しろ 。   世の中 に は なん の 疑い も 疑問 も 不満 も ない 一 点 の 曇り も ない 夫婦 が   五 万 と いる ん だ よ ！   一部 の まとも じゃ ない 夫婦 の ため に 、 なんで 余計 な 金 つかわ な あか ん ねん 。   税金 使う つもり か ？ そんな 金 有っ たら 保育 士 と 介護 士 の 給料 あげろ 。   114 . 匿名 さん   2016 年 06 月 04 日   23 : 51   ＞ 私 全く 疚しい こと ない し 、 調べ て たい って 言わ れ て も なんとも 思わ ない なー 。   私 の リアクション が 正しい の よって 潔白 代表 ぶっ てる 女 が 一番 ムカ つく   身 に 覚え が なく て も 傷つく 母親 なんて いくら でも いる のに   115 . 匿名 さん   2016 年 06 月 05 日   00 : 11   dna 鑑定 とか そんな こと 言い出す やつ は 不倫 さ れ て も 仕方 ない と 思う 。 「 えっ 、 わたし の こと そういう 女 だ と 思っ て た ん でしょ ？ なに 驚い てる の ？ 」 っ 言っ て やり たい   116 . 匿名 さん   2016 年 06 月 05 日   01 : 55   浮気 し て ない 女 から し たら   （ 命がけ で 子供 産ん で こんなに 頑張っ た のに 信用 さ れ て ない ん だ ） って 思う だろ   こんな 簡単 な こと も 気付け ない 池沼 って 案外 多い ん だ な   117 . 匿名 さん   2016 年 06 月 08 日   00 : 25   過去 に でも 他 の 男 と 関係 持っ た 事 ある 女 なら 信用 でき なく て 当然   そう で ない なら 男 が 悪い   118 . 匿名 さん   2016 年 06 月 10 日   07 : 26   鑑定 する の が 当たり前 っていう 奴 は 、 置換 冤罪 くらっ て も 無罪 証明 さ れ たら 文句 言わ ん の だろ ？   悪い こと し て なかっ たら 疑わ れ て も つらく ない ん だ もん な   119 . 匿名 さん   2016 年 06 月 12 日   13 : 58   「 女 は 信用 でき ねえ だろ ｗｗｗ 」 とか 言っ てる 奴 は 結婚 し ない か 子供 産め ない 女 と 結婚 すりゃ いい だけ だろ … …   そして 心 の 中 で だけ 「 鑑定 し ない 奴ら 托 卵 ざま あ ｗｗｗ 」 とか 思っ て 喜ん でる 分 に は こっち も 文句 言わ ない から 。   そーいや 自分 の 兄弟 ・ 父親 が 浮気 相手 だっ たり し たら 鑑定 結果 は どう なる ん だろ ？   120 . 匿名 さん   2016 年 06 月 13 日   01 : 07   嫁 の 感情 を 理解 する なら 黙っ て 検査 すれ ば いい だけ じゃん 。   安く なっ てる から 結構 気楽 に やっ てる よ 。 姑 の 希望 が 強く なっ てる みたい ね 。   121 . 名無し の ふよ ふよ 速報 。 さん   2016 年 06 月 13 日   15 : 51   信用 でき ない 女 と 結構 しよ う と よく 思える な   122 . 匿名 さん   2016 年 06 月 15 日   21 : 29   疑わ れる よう な こと を し て ない 、 疚しい こと が なけれ ば 、 事実 を もっ て それ を 証明 すれ ば いい だろ 。   123 . 匿名 さん   2016 年 06 月 24 日   02 : 28   旦那 は 旦那 で 他 に 子供 生 ませ て ない か 、 浮気 し て い ない か しっかり 証明 すれ ば いい じゃん ！   これ で お互い 安心 できる ね ！   124 . 匿名 さん   2016 年 06 月 25 日   03 : 12   dna 鑑定   ＝   妻 を 疑っ て いる   と は 限ら ない な 。   妻 が 誰 か に 無理やり … … の 可能 性   泥酔 し て い た 妻 が スポイト で (?) 体液 を 入れ られ た … … の 可能 性   自分 の   いとこ が ワザ と 赤ちゃん を 交換 し た 可能 性   赤ちゃん の 取り違え … … の 可能 性   等 が 考え られる 。 そもそも 浮気 を 疑う の なら 息子 で は なく 妻 を 「 鑑定 」 する の で は ？ \u3000 別人 を 調べ て も 証拠 に は なら ない よ 。 浮気 うんぬん は 的外れ 。   125 . 匿名 さん   2016 年 06 月 26 日   12 : 26   現実 的 な 問題 で 義務 化 する と 不妊 治療 で 授かっ た 夫婦 とか どう なる ん ？ て 話 。   ドナー が 誰 な の か 分かっ て しまっ たら いかん でしょ   ＞ dna 鑑定 で 父子 の 間 に 親子 関係 が ない の って 3 割 だ か 4 割 って の も   現状 それなり の 証拠 なり 疑い が あっ て 鑑定 する 人 が 多い し 当然 結果 もう そう なる わけ で あんまり あて に なら ない と 思う よ 。   一生 鑑定 と は 無縁 の 人 の ほう が はるか に 多い し ね 。   126 . 匿名 さん   2016 年 06 月 30 日   21 : 33   言い方 １つ だ よ   額縁 の カタログ 片手 に 「 自分 の 子 だ と 言う 証 を 形 に し て 飾り たい ！ 」 で 託 卵 見破っ ちゃっ た 人 も いる ん だ し 。   127 . 匿名 さん   2016 年 07 月 01 日   19 : 43   理由 も 述べ ず 突然 言わ れ たら 大抵 は 浮気 疑っ て ん の ？ って なる と 思う し 、 そもそも 生まれ て すぐ 病室 で 言う こと じゃ ない   マタニティブルー って 有名 な 言葉 が ある が 、 あれ について どういう もの か 気 に なっ たり 調べ たり し ない の だろ う か   生まれる 前 から dna 鑑定 で 頭 いっぱい だっ た ん だろ う か ？   妊娠 中 不倫 する 奴 も クズ だ が こいつ も なかなか の クズ だ と 思っ た   128 . 匿名 さん   2016 年 07 月 02 日   22 : 49   妻 に 内緒 で 鑑定 すれ ば いい   病院 内 に いる とき は 無理 だろ う けど 、 しばらく たて ば チャンス は ある だろ   129 . 匿名 さん   2016 年 07 月 03 日   02 : 57   マタニティーブルー ()   130 . 匿名 さん   2016 年 07 月 03 日   12 : 40   つか 、 乳児 で 物心 つか ない うち に サクッ と 秘密 で 鑑定 すれ ば 良く ね ？ 何で わざわざ 産後 すぐ 病室 で 言う の ？   残業 続き で ボロボロ に なっ て 毎日 帰っ て き て 「 不倫 し てる ん でしょ ？ し てる に 違い ない 。 携帯 見せ て 」 と 痛く ない 腹 探ら れ たら 腹立た ない の か ね 、 ここ で ボロクソ 言っ てる 人達 は 。   本当 義務 化 すれ ば いい のに と 思う わ 。   そしたら こんな 事 に なら ない し 。   もちろん 間男 まで 突き止める まで セット で ね 。   131 . 匿名 さん   2016 年 07 月 04 日   00 : 12   医療 の 発達 で 昔 より 致死 率 下がっ た けど 、 愛する 男 と の こども を 命懸け で 生ん だ 直後 に これ は 無い 。   男 は 自分 で 生め ない から 疑っ て しまう 気持ち も 分から なく は ない 。 が 、 タイミング が 最悪 過ぎる 。   女 は 感情 論 ばかり と 言っ てる 人 も いる けど 、 それなら 理論 的 に 思考 し 、 イエス と 言わ れる 状況 を 作り出し て から 言え 。   132 . 匿名 さん   2016 年 07 月 04 日   13 : 19   浮気 を 疑っ てる ん じゃ ない 、 自分 の 子 だ という 確信 が 欲しい   って 男 側 の 意見 として よく 見る が 違和感 しか ない   だって 、 自分 の 嫁さん が 産ん だ 子 だろ ？ 自分 の 子 な の 当たり前 じゃん ｗ   実際 托 卵 女 が い た から 当たり前 じゃ ない 、 って 言う なら   それ は 自分 の 嫁さん の 浮気 疑っ てる って 意味 だろ   自分 含め て 周り の 既婚 者 で dna 鑑定 し たい って 言っ てる ヤツ 現実 で 聞い た こと ない   騒い でる の は 結婚 や 我が 子 に 縁 の ない 、 心配 する 必要 も ない ヤツ ら か   自分 が 浮気 し て よそ の 女 孕ま せ た かも しれ ん 、 って 経験 の ある やつ だけ なん じゃ ねー の と 思っ てる   133 . 匿名 さん   2016 年 07 月 05 日   00 : 22   こういう こと が 起こら ない よう に 、   また 、 托 卵 など も おこら ない よう に 、   一律 義務 化 する の が 一番 手っ取り早い と 思う 。   134 . 匿名 さん   2016 年 07 月 05 日   00 : 29   ＞ 自分 含め て 周り の 既婚 者 で dna 鑑定 し たい って 言っ てる ヤツ 現実 で 聞い た こと ない   そりゃあ 、 思っ て て も 普通 は 他人 に 言わ ん わ な ｗ   女 という 性別 は シレッ と 嘘 吐く から 、 用心 する に 越し た 事 は ない よ 。   戸締り を 確認 する よう な もの 。   135 . 匿名 さん   2016 年 07 月 05 日   01 : 21   男 は 不安 な ん だ から 仕方 ない だろ 、 と 言う の を 見る と   じゃあ 女 側 の 不安 は どう 解消 し て くれる ん だ よ と 思う   外 で 子供 を 作っ て も わから ない から 、 子供 を 抱い た 女 が 認知 し て もらい に くる かも しれ ない ん だ ぞ 。 他人 の 子 を 育て たく ない って の は わかる が 、 隠し子 だって 大 ダメージ 受ける し 実害 が シャレ に なら ない 。 そういう の は 無視 し て 、 自分 たち 男 は みんな 悲劇 の ヒロイン だ （ ただし ハゲ ） と 嘆く の が 鬱陶しい 。   136 . 名無し の ふよ ふよ 速報 。 さん   2016 年 07 月 05 日   04 : 57   ど いつも こいつ も 理屈っぽい な 。   言っ たら それ は もう 戦争 だろ う が 。   結果 シロ の とき マトモ な 関係 築ける と 思っ て ん の か ？   137 . 匿名 さん   2016 年 07 月 05 日   10 : 35   義務 化 結構 だ けど 、 それ って 夫婦 間 だけ の 話 じゃ なく なる し 、   男性 が 一方 的 に 求める もの で も なくなる から ね 。   一度 遊び で 関係 を 持っ た 女性 や 風俗 嬢 や 元 カノ など から   「 妊娠 し た 。 子供 生む から 、 義務 で ある dna 鑑定 を する 」 と 言わ れ た 時 、   当然 男性 は 一緒 に 検査 受け て 、 自分 の 子供 か 否 か を 法的 に 確認 する こと に なる けど 。 そう なっ たら 勿論 、 男性 に は 、 その 子供 の 扶養 義務 が 生まれる こと に なる はず 。 義務 化 さ れ て 強制 的 に 認知 する こと に なる だろ う し 。   中絶 など で も 同じ こと が 言える 。   そう なっ た 時 、 義務 化 に 異論 を 唱える の は 男性 の 方 だ と 思う が 。   138 . 匿名 さん   2016 年 07 月 06 日   20 : 05   自分 の 母親 に 言っ て みれ ば   父さん と 本当 の 親子 か 確信 が 持ち たい   dna 鑑定 を し て み て も 良い か って   139 . 匿名 さん   2016 年 07 月 07 日   20 : 42   dna 鑑定 で 子供 の 遺伝 病 が 分かる わけ ね ーー だろ ハゲ   140 . 匿名 さん   2016 年 07 月 09 日   01 : 00   結局 長々 と 妄想 文書 いて た だけ か 。   むしろ 鑑定 大 歓迎 だ よ 。 どんどん やっ て 下され ｗ   141 . 名無し の ふよ ふよ 速報 。 さん   2016 年 07 月 10 日   22 : 53   義務 化 でも なん でも ええ けど   結果 99 . 8 ％ とか で 「 俺 の 血 じゃ ない の が 0 . 2 ％ も 混じっ てる ！ 」 だの   自分 の 親 兄弟 とも やっ て み て 「 60 ％ も 一致 し た ！ 托 卵 だ ！ 」   みたい な 知能 虫 以下 の アホ が 大量 発生 し そう   142 . 匿名 さん   2016 年 07 月 11 日   17 : 00   他人 の 子 なら 感慨 も なに も ない もん な   dna 鑑定 し て 、 間違い なく 自分 の 子 だ と 確認 し ない と 嫁 を ねぎらう 気持ち なんて わか なく て 当たり前   信用 って の は 、 浮気 し て 托 卵 狙っ てる クソ 女 の 可能 性 を 排除 し て 初めて 得 られる もの だ よ   143 . 匿名 さん   2016 年 07 月 13 日   15 : 29   ※ 142   俺 様 の 子供 を 産ん で ねぎらっ て 欲しけれ ば 潔白 を 証明 しろ ？ ？ ？ 何様 ？   そんな 考え 持っ た 奴 の 子供 誰 も 命がけ で 産み たく ねー わ   144 . 匿名 さん   2016 年 07 月 15 日   04 : 25   痴漢 冤罪 と 比べ てる やつ いる けど 、 痴漢 冤罪 は 全く の 無実 で も 色々 と あと を 引く から な 。   そもそも 裁判 が 長引く し 、 疑わ れ てる 間 の 世間 の 目 やら 、 無実 に なっ て も 世間 の 目 が 綺麗 さっぱり に なる わけ で も ない 。   疑わ れ た 時点 で 社会 復帰 が 難しく なる 悪質 な 痴漢 冤罪 と 比べる 方 が 間違い だ よ 。   145 . 匿名 さん   2016 年 07 月 16 日   01 : 56   お前 ら dna 鑑定 って 単語 に 騙さ れ て ない か ？   要するに この 男 「 産まれ た ！ で 、 本当に 俺 の 子 ？ 」 って 言っ た ん だ ぞ   146 . 匿名 さん   2016 年 07 月 16 日   22 : 42   ＞ そりゃ 切れる わ   心当たり が ない なら 受けりゃ いい やん 。   147 . 匿名 さん   2016 年 07 月 17 日   08 : 40   どうにか し て dna 鑑定 から 逃げ たい 托 卵 女 が 沸い てん な 。   そんなに バレ て 慰謝 料 払わさ れる の が 怖い の か ？ ｗｗ   148 . 匿名 さん   2016 年 07 月 19 日   11 : 27   男 は 黙っ て dna 鑑定 すれ ば 全て まるく 収まる 。   ( 鑑定 ミス を 無くす なら 複数 の 鑑定 所 で する )   何で わざわざ 相手 に 宣言 し て やら なけれ ば いけ ない ん だ ？   相手 に 知らせ て 行う の は 離婚 問題 ( 裁判 ) に なっ た 時 に 宣言 し て   正式 鑑定 を すれ ば いい だけ の 話 。   なんで わざわざ 相手 に 確認 し て dna 鑑定 する の か さっぱり わから ない 。   家庭 を 圧迫 する 程 金 が かかる の なら まだ わかる け 。 。 。   149 . 匿名 さん   2016 年 07 月 21 日   10 : 00   やましい から 拒否 する って 考え の 浅はか で 思慮 に 欠ける 人間 に 感情 論 どうこう 言う 資格 は ない と 思い ます   150 . 名無し の ふよ ふよ 速報 。 さん   2016 年 07 月 21 日   14 : 26   感情 論 乙 で ー す ｗｗｗ   151 . 匿名 さん   2016 年 07 月 21 日   17 : 44   自分 も 死ぬ ほど 辛い 思い し て 子供 産ん だら 分かる ん じゃ ない ？   152 . 匿名 さん   2016 年 07 月 21 日   21 : 45   うち の 旦那 が こんな 頭 悪い 男 じゃ なく て 良かっ た   そもそも 旦那 と しか 経験 ないし 冗談 じゃ ない わ   153 . 名 無 す z さん   2016 年 07 月 24 日   12 : 17   感情 論 の 何 が 悪い ん だろ う ？   「 幸福 」 を 感じる の は 自分 の 心 だろ う に   その 心 を 無視 し て どう やっ て 幸せ な 家庭 を 作る 気 なんだか   社会 を 維持 する の と 家庭 を 維持 する こと の 違い を 理解 でき ない と   物質 が あっ て も 「 不幸 」 に なる だけ だ ぞ   154 . 匿名 さん   2016 年 07 月 26 日   22 : 54   それで 相方 が 安心 できる と いう なら 応じ て あげれ ば いい のに 。   お守り みたい な もん だろ 。   男 は 自分 の 腹 で 産め ない 分 、 確証 が ない ん だ から 。   155 . 匿名 さん   2016 年 07 月 27 日   08 : 36   自分 だけ 幸福 を 感じ て 、 旦那 の 不安 は ガン 無視 です か ｗ   156 . 匿名 さん   2016 年 07 月 27 日   23 : 03   取り違え も ある し なぁ   実際 それ で 病院 ミス 分かる って の も ある から 女 の 直感 も アテ に なら ない   女 の 婚姻 届け と 同じ 様 な モン だ ぞ ？   男 は 籍 なんて どう でも いい けど 女 の 為 に 了承 する から な   それで 自分 の ターン に なっ たら ヒス る ん だ から ・ ・ ・   157 . 匿名 さん   2016 年 07 月 29 日   16 : 10   え 、 なんか すごい 論争 に なっ てる … 。   男 の ほう は タイミング 悪かっ た から ちゃんと 思いやり を 持ち ましょ う 。 女 の ほう は タイミング さえ 良けれ ば dna 鑑定 は 全 ok ! で すむ 話 でしょ ？   この 話 の 中 の 人 たち は 別に dna 鑑定 事態 を 否定 し てる 訳 じゃ なく ね ？   158 . 匿名 さん   2016 年 07 月 30 日   16 : 42   ( ただし ハゲ ) って 何 だ ｗｗｗ   気 に なる じゃ ない か ｗｗｗ   159 . 匿名 さん   2016 年 07 月 31 日   02 : 26   夫婦 関係 って 何 ？ 愛情 とか 信頼 とか 眼 に 見え ない 観念 な ん だ から 出産 直後 の 病室 で dna って 言わ れ たら 嫁 の 全 人格 や 互い の 信頼 を 否定 し て いる の と 同義 だ から 旦那 は 病室 から 追い出さ れ た ん だろ う よ 、 発達 野郎 が 親 に なんぞ なる な カス ！ って 素直 に 思う 。 まぁ 何れ に せよ 結婚 前 や 婚約 前 の ブライダル チェック で 出身 とか 財務 状況 とか 既往症 とか が 必須 だ よ ね   160 . 匿名 さん   2016 年 07 月 31 日   18 : 56   dna 鑑定 は 女性 は 30 ％ 抵抗 が あり 、 男性 は 10 ％ 、   ブライダル チェック は 女性 は ほぼ 100 ％ 抵抗 ない の に対して   男 は 60 ％ 抵抗 が ある らしい から （ どっか の 結婚 相談 所 の アンケート ）   合わせ て やる こと に 合意 すれ ば 男女 とも に いい 感じ の 落とし 所 に なる と 思う 。   鑑定 鑑定 ！ って 騒い どき ながら ブライダル チェック は 嫌 だ と か は 言わ ない よ ねえ ｗ   161 . 匿名 さん   2016 年 08 月 02 日   00 : 08   > 男 から すれ ば ダウン症 か 調べる の と 同じ レベル な のに な   出生 前 診断 の こと どれ だけ 軽々しく 考え て いる の か …   162 . 匿名 さん   2016 年 08 月 04 日   04 : 05   「 dna 鑑定 義務 化 」 と 一緒 に 「 種 無し 検査 も 義務 化 」 に しよ う ぜ ！ \u3000 何故か 不妊 治療 を する 時 に 男 は 逃げ回る らしい んで 、 男 と 女 が 嫌がる 検査 の 代表 を 両方 とも 「 義務 化 」 と すれ ば 、 みんな 満足 だろ ？   163 . 匿名 さん   2016 年 08 月 04 日   13 : 43   互い の 信頼 関係 や 全 人格 否定 を さ れる と わかっ て い ながら 、 托 卵 する 奴 が いる から こんな 騒ぎ に なっ てる ん だろ 。   164 . 匿名 さん   2016 年 08 月 04 日   13 : 44   ここ で 必死 に 鑑定 を 否定 し てる 連中 は 、 托 卵 が バレる の が 怖い の か な ？   165 . 匿名 さん   2016 年 08 月 04 日   17 : 55   なぜ 必死 に なる ？ よほど 都合 か 悪い よう だ な   彼女 「 家事 は 半々 ね 」 俺 「 家事 を 半々 に する なら 俺 と 同等 の 稼ぎ を し て 下さい … 」   オヤジ 狩り さ れ た ので 返り討ち に し て 被害 届出 し たら 、 ガキ の 親 が 自宅 を 襲撃 し て き た ！ 俺 「 何で 俺 の 家 知っ てる の ？ 」 → すると 警官 が ・ ・ ・   離婚 し た 元 妻 の せい で 私 を 恨ん で 育っ た 娘 に 「 触ら ない で ！ 」 と 平手打ち を さ れ た → 2 年 後 、 真実 を 知っ た 娘 から 連絡 が ・ ・   トイレ で 気絶 し て た 私 に 「 ガキ みたい に 拗ね て ん だ よ 」 と 吐き 捨て た 旦那 。 姑 は 私 を 見 て 真っ青 に なり 「 救急 車 呼び なさい ！ 」 と 叫ん だ → 結果 …   私 「 旦那 の 兄 が 35 歳 で 独身 な ん だ けど 誰 か どう ？ 」 中学 時代 の 友人 abcd 「 冗談 でしょ ｗｗ 35 の おっさん とか ｗｗｗｗ 」 → 10 年 後 ・ ・ ・   義妹 が 私 たち 夫婦 に 娘 の dna 検査 を しろ って うるさい 。 義妹 から 「 私 は 認め て も ねー し 許し て ねー から ！ 」 と 罵詈 雑言 の メール が 届く 。   俺 （ あれ 、 嫁 が 居 ない 。 メシ の 用意 も し て ねえ し … 出前 で も 取る か ～。 息子 は 何 食べる か な ） → 嫁 の 携帯 に 電話 を し つつ 息子 の 部屋 に 行っ たら …   同僚 女 「 あなた の 彼氏 背 小さく て 奇形 みたい ｗ 」 同僚 女 の 彼氏 「 奇 形見 に き まし た ぁ ｗ 」 私 「 」 → すると 彼氏 は …   【 スペック 】 預金 5000 万 、 年収 700 万 + マンション 1 棟 の 家賃 収入 有 、 身長 173 、 体重 65 、 上場 会社 勤務 、 年齢 37 、 東京 在住 な のに お 見合い を 断ら れ た 。 どこ に 問題 が … ？   バー で 飲ん で たら 、 突然 「 もう 来 ない から ！ 」 って 大声 が 聞こえ て 、 数 人 の 客 が 怒っ て 出 て っ た ！ 何 が あっ た か 聞く と ・ ・ ・   彼氏 「 1 キロ の 鉄 と 1 キロ の 綿 を 落とし たら どっち が 先 に 地面 に つく ？ 」 私 「 鉄 」 って 答え たら 「 正解 は どっち も 同時 でし た 」 って 言わ れ て ・ ・   【 続報 】 俺 「 専業 主婦 を 飼う つもり は ない 。 月 15 万 の パート で お ｋ 」 彼女 「 結婚 後 も 正社員 は 辞め ない 」 俺 「 今 の 仕事 の まま 結婚 し て 、 家事 を ちゃんと できる の か ？ 」 彼女 「 家事 は 私 と あなた で 半分 ずつ 分担 」   【 復讐 】 イジメ 加害 者 の ブログ を 発見 『 御社 の 社員 の よう です が … 』 と メール し た 結果 → 加害 者 の 会社 「 通報 ありがとう ！ クビ に し ます 」 → そして ・ ・ ・   嫁 「 赤ちゃん ひとり で 育てる の が 本当に 大変 だ から 一時 的 に 里帰り し たい 」 と 号泣 。 大変 だ と は 思う けれど そこ まで ？ と 疑問 。 帰っ て 欲しく ない 。 仕事 の 後 、 嫁 と 娘 の 顔 見 て 癒さ れ たい じゃ ない か ・ ・ ・   彼 「 お前 の 飯 に は がっ つり し た メイン が ない 。 ババ くさい 」 私 「 （ オクラ と たたき 山芋 の 梅 鰹 あえ 、 焼き 茄子 、 豆乳 味噌 だれ 京 うどん 、 鶏 そぼろ と 金糸 卵 の ご飯 じゃ 物足りない の か … ） 」   昨日 の 夜 に 彼女 が オムライス を 作っ て くれ た ん や けど 最悪 だっ た   夜な夜な 遊び に 出る 回数 が 増え て き た 嫁 に 「 お前 さ 、 最近 怪しい よ 」   嫁 「 携帯 見る ？ どーぞ 」 俺 「 すまん … 」 → もしかして と ・ ・   娘 が 「 お母さん ﾌﾘﾝ し てる 」 と 言い 出し 、 思い当たる こと は ない のに 夫 に 殴ら れ た → 夫 「 誤解 だっ た ん だ 。 すま ない 。 許し て 欲しい 」 私 「 無理 。 離婚 ね 。 」 → すべて の 元凶 は …   彼 「 上司 と ny へ 出張 行っ て くる （ 大 嘘 ） 」 本当は 会社 の 同期 ( 男 3 、 女 3 ) で 行っ て て 、 9 . 11 テロ 発生 → 彼 母 「 会社 に 問い合わせる 」 上司 「 出張 ？ 行き先 は ny な ん です か ！ ？ 」 → 結果 …   【 追記 】 俺 「 マフラー ありがとう 。 今度 一緒 に スカイ ツリー に のぼっ て 、 パンケーキ も 食べ に 行こ う 」 彼女 「 どなた か と お 間違え で は ？ マフラー は 送っ て い ない し 、 パンケーキ の 件 も 何 の こと だ か わかり ませ ん 」   1 年 くらい 前 に クビ に なっ た 事務 の 女 が 、 「 退職 」 と ウソ を つい て 一流 企業 に 再 就職 し た らしい → あまりに も ｽﾞﾙ いと 思っ た から 、 その 会社 に 真実 を 電話 で 伝え て やっ た ！   新人 が 平日 ど 真ん中 の 研修 に キスマーク つけ て き た から 怒鳴っ たら 辞め た 。 言い過ぎ た の は 認める が 非常識   足 が 悪い おばあさん を おじいさん が 支え ながら 歩い てる の を 見 て 、 彼 「 旦那 に 補助 さ せる なんて 駄目 な 妻 だ よ な 。 普通 逆 だろ 、 ない わ 」 私 「 じゃあ 私 の 足 が 動か なく なっ て も あなた は 支え て くれ ない ん だ ね 」   某 ファストフード 店 で 薬 を 飲ん だら 店員 に 「 持ち込み 禁止 です ！ 」 と 怒ら れ た 。 お 水 を 貰え ず 、 わざわざ そこ で 買っ た のに … ？   旦那 に 「 義実 家 が 2 世帯 に 新築 する なんて 聞い て ない ！ 義弟 夫婦 が 入る ！ ？ なんで ？ ！ あなた 長男 な ん だ から 私 達 が 住む べき ！ 」 → 義弟 夫婦 の 自宅 に 何 度 も 電話 し たり 、 義母 が もう 辞め て と 泣く まで 電話 し たり し た 結果 …   嫁 が 唐辛子 由来 の 調味 料 だけ は 頼ん で も 絶対 に 買っ て くれ ない 。 嫁 「 唐辛子 が 嫌い 。 食べ たく ない 。 買っ たら 全員 分 の オカズ に 貴方 が かける から 買い たく ない 。 」   カラオケ で 。 普段 超 大人しい 地味 な 女子 が 歌い 始め たら 、 知ら ない 曲 だっ た けど 超 うまい ！ → 彼女 「 この 曲 なに ー ？ しら なー い ｗ みんな 知っ てる ー ？ 知ら ない よ ねぇ ？ はいっ 、 じゃ あし ゅ ー り ょ ー ｗ 」   【 1 / 2 】 社内 se など という 役職 の キモオタ の スマホ に 入っ て いる ゲーム データ を 消し て やっ たら 発狂 し 、 社内 を 巻き込む 大事 に なっ た   私 「 結婚 し て 2 年 以上 経つ けど 子供 が い ない 友人 も いる 。 だから 早く 結婚 し て 子供 を 授かり たい 。 私 の 誕生 日 まで に 結婚 の 目処 が 立た ない なら 婚 活 し ます 」 と 婚 活 宣言 し た 結果 …   去年 生まれ た 娘 に 「 も か 」 と 名付け た ん だ けど 、 友達 に 「 も かって ｗｗｗ 漢字 どう 書く の ？ 藻屑 の 藻 ？ 」 と バカ に さ れ た 。   【 未 解決 】 姪 「 お母さん 」 義兄 嫁 『 お母さん じゃ なく て ママ でしょ ！ アンタ が ママ と 呼ぶ まで 帰り ませ ん 』 → 姪 にとって 「 ママ 」 は 亡くなっ た 実母 だけ な のに ・ ・   駅 から の 帰り道 、 突然 後ろ から 男 に 抱きつか れ た ！ 逃走 する 犯人 の 車 に 巻き込ま れ 大 ケガ → 事件 が きっかけ で シングル マザー に なり 人生 詰ん だ ・ ・']"
19,20,19_schools_school_public_大学,"['schools', 'school', 'public', '大学', 'students', 'parents', 'children', 'teachers', '子ども', '38']","[""i have been arguing for a single public system for at least 38 years - as my daughter is 38. but i'm old enough to have gone to swansea public school when there was no catholic school in the area so all children - of all faiths - went to this school. and we learned from each other and supported each other. it works."", 'so the children graduating from catholic schools have actual knowledge that the catholics imaginary supernatural buddy is a fraud and public school grads do not?\n\nprivate schools do better because they can refuse or expel problem students, or ones that require more resources.', 'i was lucky.  i went to a catholic grade and high school.  went i started college i found out i had a leg up on students from public schools.  many of the textbooks in my 1st 2 years were ones i had used in high school.  years latter when i worked with youth, 14 to 18 year olds i was amazed that the youth were in high school but had limited ability to solve simple math problems, poor reading skills and little science knowledge.  the public schools had passed them on.  the question is why?  we know the public schools are failing.  is it the administration or the teachers?  is it the curriculum being taught? is more time spent on social engineering then basic classes?  the big fear is devos will be successful.']"
20,16,20_牺牲_拯救_区别_词,"['牺牲', '拯救', '区别', '词', '有没有', '善良', '做', '更', '平时', '经历']","['圣母 牺牲 自己 ， 圣母 婊 牺牲 别人', '圣母 会 牺牲 自己 拯救 他人 ， 而且 不 损害 他人 利益 ， 圣母 婊 也 会 牺牲 自己 拯救 他人   但是 会 绑架 所有人 一 起来 成全 自己 的 名声 ， 更 甚 一点 是 直接 牺牲 他人 来 成全 自己', '圣母 ： 牺牲 自己 拯救 他人 \n 圣母 婊 ： 牺牲 旁人 拯救 他人']"
21,16,21_新教_天主教_传_国内,"['新教', '天主教', '传', '国内', '指', '发现', '东正教', '教派', '东正', '天主']","['什么 天主教 新教 东正教 云云 ， 所以 叫 基督教 就 好 。', '一般来说 ， 新教 指 基督教 ， 以 区分 老牌 的 天主教 。', '因为 在 中国 明清 主要 传播 的 是 天主教 ， 后来 其他 非 天主教 的 教派 传 进来 后 ， 笼统 称呼 为 基督教 ， 里面 又 以 各种 新教 教派 为 主流 （ 东正教 主要 是 老 毛子 在 东北 传 ， 本来 传 的 时间 就 晚 ， 苏俄 革命 后 又 基本 失去 官方 支持 ， 只能 自发 传教 ， 传播速度 和 受众 远 不及 新教 ） ， 所以 最后 中国 语境 下 的 基督教 就 专指 新教 了 。']"
22,16,22_异端_念_加尔文_圣灵,"['异端', '念', '加尔文', '圣灵', '特別', '地獄', '回复', '投げ込ま', '主义者', '教祖']","['回复   信仰 红领巾   : 你 这个 阿米 念 异端 就 不要 和 阿米 念 异端 胡椒 味道 狗咬狗 了 ！ 咋 的 ？ 你 不是 攻击 加尔文 神学 吗 ？ 你 不是 鬼扯 上帝 预知 亚当 堕落 所以 堕落 后 拣选 吗 ？ ！ 滚 🥚 ！', '你 这个 异端 笑死人 了 ！ 你 还 暂 把 我们 唯二当 弟兄 ？ 谁 跟 你们 这些 异端 是 弟兄 啊 ？ ！ 你 记住 ， 只有 加尔文 主义者 才 是 基督徒 ！ 我们 加尔文 主义者 跟 你们 这些 啊 米 念 异端 没有 和平 只有 肉搏战 ！', '这个 叫 随光 之 人 的 阿米 念 异端 假 福音 片子 ！ 只要 你 散布 异端邪说 ， 就 别怪 我们 唯二对 你 不 客气 了 ！ 这个 主贴 是 我 弟兄 单说 凶言 驳斥 你 这个 阿米 念 异端 的 阿 ! 我们 唯二 作为 基督徒 乃是 同一个 心思 意念 ！ 你 散布 异端邪说 ， 攻击 使劲 圣经 ， 亵渎 圣灵 ， 我们 必见 你 一次 揍 你 一次 ！ 你 这 是 死 鸭子 装疯 迷窍 嘴硬 ！']"
23,15,23_欧洲_伊斯兰教_全球_诅咒,"['欧洲', '伊斯兰教', '全球', '诅咒', '影响', '带来', '穆斯林', '发生', '犹太教', '罗马']","['基督教 之后 ， 欧洲 以及 全球 非常 多次 发生 大规模 瘟疫 ， 每次 都 是 死亡 几千万 到 一亿 。 可以 推论 基督教 给 地球 带来 了 诅咒 ， 非常 邪门 。', '基督教 之前 虽然 也 有 一些 瘟疫 ， 但 死亡 人 数最多 几万 。 基督教 之后 ， 欧洲 以及 全球 非常 多次 发生 大规模 瘟疫 ， 每次 都 是 死亡 几千万 到 一亿 。 可以 推论 基督教 给 地球 带来 了 诅咒 ， 非常 邪门 。', ""how so? were the crusades not fought under the banner of the christian church? instigated by the popes?\nthe very first paragraph in wikipedia's entry for each states: \n1) 'the crusades were a series of religious wars sanctioned by the latin church in the medieval period. the most commonly known are the campaigns in the eastern mediterranean aimed at recovering the holy land from islamic rule but the term crusades is also applied to other church-sanctioned campaigns.'\n2) 'the inquisition was a group of institutions within the government system of the catholic church whose aim was to combat heresy.'\n\nfeel free to explain, however, why these church-sanctioned events should not be considered cases of  'christians behaving very badly'.""]"
24,15,24_偽善_ども_戦争_司教,"['偽善', 'ども', '戦争', '司教', '平和', '運動', '二', '一つ', '無能', '現代']","['信徒 たち は 神 を 礼拝 し に 教会 に 来る 。   司祭 、 司教 の 個人 的 な 主張 を 聞き に 来 て いる の で は ない 。   反戦 運動 が 止め た 戦争 は 一つ も なし 、   反核 運動 が なくし た 核兵器 は 一つ も なし 、   反 原発 が なくし た 原発 など 一つ も ない 。   すべて 偽善 者 ども の 自己 満足 。   偽善 者 ども は 胡散臭い 活動 を 教会 内 で する な 。   未 信者 、 日本 国民 へ の 印象 は 最悪 で ある 。   主 キリスト は 偽善 者 ども を 断罪 し た が 、 （ 新約 聖書 ）   現代 の 教会 に も 偽善 者 が いる 。', '>> 287   >> 240   やはり 戦争 を 終わら せ た の は トランプ 米 大統領 だっ た な 。   「 平和 を 作り出し た 」 の は トランプ 米 大統領 。   グレタ 氏 で も 反戦 の 偽善 者 ども で も なく 。   プラカード を 掲げ て 戦争 が 終わる なら 苦労 し ない だろ 。   無能 な 偽善 者 ども の 自己 満足 。   主 キリスト は 当時 の 偽善 者 ども を 断罪 し た が 、   現代 の 教会 に も 偽善 者 が 多い 。   人質 と 拘束 者 解放 、 ガザ 停戦 第 1 段階   トランプ 氏 「 新た な 中東 の 夜明け 」   https :// jp . reuters . c ... 3 aqf 4 u 6 e - 2025 - 10 - 13 /', '偽善 者 が よく 使う 御 言葉 「 平和 を 造りだす 人 は 幸い で ある 」   偽善 者 ども が 平和 を 作り出せ た こと など 一 度 でも ある だろ う か 。   日本 の 反核 団体 が ノーベル 平和 賞 を 受賞 し た が   この 人 たち は 核兵器 を なく せ た 実績 で も ある の か ？   反戦 、 反核 、 言う だけ なら 誰 に でも 出来る 。   偽善 者 ども は 戦争 の 一つ すら 終わら せ た 実績 が 無い 。   教会 内 に 入り込ん だ 共産 主義 者 か 、 自己 満足 し てる だけ の 偽善 者 だろ 。   二 千 年 前 の 主 キリスト は 偽善 者 を 断罪 し た が 、 現代 の 教会 に も 偽善 者 は 多い 。']"
25,14,25_カトリック_お前_ローマ_破門,"['カトリック', 'お前', 'ローマ', '破門', '部外', 'スレ', '教理', 'freedom', 'e', '立て']","['> 100   いや 、 あなた が カトリック を 自称 し て いる という こと に 驚い た 。   >> 3   - 5 の ローマ 教皇 の よう な 姿勢 と 、 あまりに も 違い 過ぎる   宣教 が 目的 だ と いう なら ば 「 口 の 利き 方 」 「 礼儀 」 「 他人 から どの よう に 見 られる の か 」 といった 部分 に も 気 を つかっ て いただか ない と 困り ます よ   カトリック は 当然 と し て 、 キリスト 教 全体 の 印象 に も 関わる 問題 です   あなた の よう に 傲慢 な 書き込み を 残さ れ て しまう と 、 神様 の 品格 まで 疑わ れ て しまい ます   それと 最低限 コテハン つけ た ほう が いい 。 そう し なけれ ば スレ を 建て た 者 で ある など と わかり ませ ん   こちら も つけ て おき ます', '>> 510   中国 の カトリック は ローマ から 破門 さ れ て いる 。   ローマ カトリック 教会 から 破門 さ れ てる 司教 は 正統 で は ない 。   馬 英 林   https :// ja . wikipedia ... ac % e 8 % 8 b % b 1 % e 6 % 9 e % 97   >> 191   フィリピン は 独立 カトリック が 多い が 、 ローマ の 許可なく 司教 を 叙 階 し た の が 破門 さ れ た 原因 か 。   アジア の カトリック は 日本 も 含め て 異端 が 多い ね 。   教理 を そのまま 実践 すれ ば 済む こと な ん だ が 。', '>> 215   お前 が 教理 省 を 否定 する なら ローマ カトリック 教会 の 教理 を も 否定 する 矛盾 に 陥る 。   論理 が 破綻 し てる の は お前 だ よ 。 無能 が 。']"
26,14,26_christmas_耶稣基督_day_一群,"['christmas', '耶稣基督', 'day', '一群', '明白', '有人', 'man', '基督徒', 'born', '文化']","['how entirely ironic that i come across this story at the exact same time that i\'m listening to ""christmas with satan"" by james white and the blacks.\n\nif the millennial generation and their peculiar brand of narcissism is any indication, christmas has become a celebration of wearing goofy hats and sweaters.', 'face it, ""merry christmas"" is one of the most hypocritical phrases in western culture- much like usofa blood-circus coliseum attendees holding their arm over their hearts immediately prior to enjoying the spectacle- the ritual mutual slaughter of rich black men. it is a holiday season and for some it also has religious tinges. it is a season of colossal consumerism, over and self indulgence, not to mention orgiastic pleasuring. for some it is a few days of, at least, recalling the values of inclusion, yes a christian value, but one which also acknowledges other religions, other cultures and the introduction of the other into ours. given that introduction it implicitly recognizes that in their proper times we should know more about, acknowledge and respect others. personally, i\'m okay with ""happy holidays"".\npresident donald j. trump is an abomination.', 'how curious. i have read a christmas carol every year since 1975, and to this day i am at a loss as to why people believe ebenezer was a ""scrooge."" the old man repented, born again that christmas morning, and from that day on he was no longer ""scrooge."" i prefer to think of the old man as the man he was when he died.']"
27,12,27_贵族_东正_separation_だい,"['贵族', '东正', 'separation', 'だい', '基督徒', '东正教', 'fine', '这是', 'doctrine', '作っ']","['与 基督教 信仰 ， 贵族 荣誉 ， 骑士 精神 有关', 'a fine and timely voicing of the commitments of catholic social doctrine.', '統 失 教会 って の 作っ たら どう だい ？ ｗ']"
28,12,28_rule_上天_看着_sounds,"['rule', '上天', '看着', 'sounds', '感觉', '挺', '话', 'takes', '教堂', '想']","['神父 可能 上天 报告 此事 的 时候 成功 进步 了', 'sounds like a good man and hopefully he will help mold new priests like himself.', 'that\'s a tango. \ninterestingly, his rule #1 is also the catholic church\'s rule #1.\nbut, if it takes two to qualify as a ""church"", his seems to just qualify.']"
29,10,29_語る_偽_しよ_醜い,"['語る', '偽', 'しよ', '醜い', '専門', '染まっ', '崇め', '最低', '守る', '書物']","['弟子 と 名乗る 連中 が 己 の 利権 を 守る 為 に 教会 に 従順 で 盲目 で あれ と 記し た 書物 が 新約 聖書', 'こんな クズ 最低 な 豚 が 聖書 を 語る って 、 いよいよ 終末 も 近い ん でしょ う 。   終末 に は 偽 教師 が 蔓延る らしい から 。', '浅はか な 者 が 聖書 コピペ しよ う が 世間 の 事件 事故 について 専門 家 気取り を しよ う が 、 響か ない 。']"
30,10,30_新教_水平_当初_教廷,"['新教', '水平', '当初', '教廷', '组织', '美国', '成立', '所有人', '情况', '天主教']","['新教 就是 反 罗马 教廷 而生 的 ， 讲究 一个 因 信称义 ， 生来 就是 去 中心化 的 ， 组织 度 不如 完整 的 教会 不是 很 正常', '新教 的 问题 是 太散 了 。 都 是 分成 了 一个 一个 小 教会 ， 很少 有 大 的 。 因为 新教 就是说 所有人 都 可以 得 上帝 的 天启 ， 所有人 都 可以 成立 单独 的 教会 。 那么 各个 教会 的 组织 能力 就 得 看 组织 宗教 的 人 的 水平 了 。 现在 欧美 那边 教育 水平 下降 的 情况 下 ， 新 冒出来 的 教主 的 水平 也 就 在 跟着 下去 。', '新教 原本 就 怎么 说 呢 ， 就 比较 杂 … 更 主要 是 罗马教会 当年 太 不 做人 ， 尤其 是 整出 了 花钱 上 天堂 这种 烂活 。 \n 新教 的 一大 特色 就是 门槛 低 ， 尤其 是 把 圣经 解释权 给 抢 了 下来 这件 事 几乎 是 正中 罗马 的 命门 ， 但 副作用 也 显而易见 ， 解释权 有点 稀释 过度 了 …']"
31,10,31_世俗_道教_传教_不行,"['世俗', '道教', '传教', '不行', '哲学', '发展', '佛教', '精神', '信徒', '角色']","['起源 不同 。 张角 或者说 道教 的 起源 更 像是 依附于 儒法 两家 、 借助 道家 学说 ， 结合 民间传说 而成 的 次生 宗教 ， 耶稣 基于 族群 生存 ， 佛教 诞生 于 政治 斗争 ， 起点 不 一样 ， 相关 理论 高度 就 不 一样 ， 要 解释 的 问题 也 不同 。 更何况 东汉 末年 黄巾起义 ， 道教 被 按 死 是 板上钉钉 的 事情 。', '耶稣 不 搞 世俗 专心 传教 ， 买买提 传教 世俗 全都 抓 ， 张角 传教 也 不行 世俗 也 不行', '张角 是 把 宗教 世俗化 了 ， 从 精神 世界 发展 到 在 世俗 世界 建立 政权 ； 耶稣 和 释迦 是 把 世俗 宗教 化 ， 精神 上 脱离 现世 ， 到达 精神 的 彼岸 ， 天堂 或 极乐世界 。 发展 方向 背道而驰']"
